-- phpMyAdmin SQL Dump
-- version 4.5.2
-- http://www.phpmyadmin.net
--
-- Host: localhost
-- Generation Time: Mar 15, 2017 at 03:09 PM
-- Server version: 10.1.19-MariaDB
-- PHP Version: 5.6.24

SET SQL_MODE = "NO_AUTO_VALUE_ON_ZERO";
SET time_zone = "+00:00";


/*!40101 SET @OLD_CHARACTER_SET_CLIENT=@@CHARACTER_SET_CLIENT */;
/*!40101 SET @OLD_CHARACTER_SET_RESULTS=@@CHARACTER_SET_RESULTS */;
/*!40101 SET @OLD_COLLATION_CONNECTION=@@COLLATION_CONNECTION */;
/*!40101 SET NAMES utf8mb4 */;

--
-- Database: `pms`
--

-- --------------------------------------------------------

--
-- Table structure for table `account_history`
--

DROP TABLE IF EXISTS `account_history`;
CREATE TABLE `account_history` (
  `id` bigint(20) NOT NULL,
  `change_type` tinyint(4) NOT NULL COMMENT '1-email,2-mobile',
  `new_one` varchar(200) NOT NULL,
  `old_one` varchar(200) NOT NULL,
  `activation_key` varchar(300) NOT NULL,
  `created_on` datetime NOT NULL,
  `expiry_datetime` datetime NOT NULL,
  `created_ip` bigint(20) NOT NULL,
  `status` tinyint(4) NOT NULL COMMENT '0-Pending,1-Active',
  `user_id` bigint(20) NOT NULL
) ENGINE=InnoDB DEFAULT CHARSET=latin1;

-- --------------------------------------------------------

--
-- Table structure for table `assigned_tasks`
--

DROP TABLE IF EXISTS `assigned_tasks`;
CREATE TABLE `assigned_tasks` (
  `id` int(11) NOT NULL,
  `projects_id` bigint(20) NOT NULL,
  `task_name` varchar(300) NOT NULL,
  `assigned_from` bigint(20) NOT NULL,
  `assigned_to` bigint(20) NOT NULL,
  `asigned_message` text NOT NULL,
  `user_type_id` bigint(20) NOT NULL,
  `departments_id` bigint(20) NOT NULL,
  `assigned_hours` double NOT NULL,
  `start_datetime` datetime NOT NULL,
  `end_datetime` datetime NOT NULL,
  `task_file` text NOT NULL,
  `finished_datetime` datetime NOT NULL,
  `finished_hours` double NOT NULL,
  `finished_message` text NOT NULL,
  `created_at` bigint(20) NOT NULL,
  `created_ip` bigint(20) NOT NULL,
  `status` tinyint(4) NOT NULL COMMENT '0-Pending,1-Active,2-Ignored,3-In Progress,4 - In Completed,5-Completed'
) ENGINE=InnoDB DEFAULT CHARSET=latin1;

--
-- Dumping data for table `assigned_tasks`
--

INSERT INTO `assigned_tasks` (`id`, `projects_id`, `task_name`, `assigned_from`, `assigned_to`, `asigned_message`, `user_type_id`, `departments_id`, `assigned_hours`, `start_datetime`, `end_datetime`, `task_file`, `finished_datetime`, `finished_hours`, `finished_message`, `created_at`, `created_ip`, `status`) VALUES
(1, 3, 'Header and Index Page Design', 3, 8, 'Header and Index Page Design', 0, 0, 10, '2017-03-15 17:31:00', '2017-03-16 17:31:00', 'Ggv27nrIM3fJdk9YhCiNy6ZbUW1QHLPDVOT4E8Kj0S5ulBwFtx.png|*|04W2lUokxMQdKuP7h5ncaqyOCYs1LwJATeZfrp8XNFRGbmVSEB.jpg', '0000-00-00 00:00:00', 0, '', 3, 0, 1),
(2, 2, 'Footer Design', 3, 8, 'Footer Design', 0, 0, 12, '2017-03-15 18:00:00', '2017-03-15 18:00:00', 'wqzjnOyMLrWZ5fCopk1haxmtT289uc6gEis0XBI3HvRlANDS4Q.png|*|FknistgHR39j2Uw0rWamxuJThIDboCpyM14Q8YXeGAO7cqPKvN.gif', '0000-00-00 00:00:00', 0, '', 3, 0, 4);

-- --------------------------------------------------------

--
-- Table structure for table `cities`
--

DROP TABLE IF EXISTS `cities`;
CREATE TABLE `cities` (
  `id` bigint(20) NOT NULL,
  `created` datetime NOT NULL,
  `modified` datetime NOT NULL,
  `name` varchar(255) COLLATE utf8_unicode_ci NOT NULL,
  `slug` varchar(255) COLLATE utf8_unicode_ci NOT NULL,
  `state_id` bigint(20) NOT NULL,
  `country_id` bigint(20) NOT NULL,
  `user_count` bigint(20) NOT NULL,
  `code` varchar(255) COLLATE utf8_unicode_ci NOT NULL,
  `latitude` varchar(255) COLLATE utf8_unicode_ci NOT NULL,
  `longtitude` varchar(255) COLLATE utf8_unicode_ci NOT NULL,
  `is_active` tinyint(1) NOT NULL
) ENGINE=MyISAM DEFAULT CHARSET=utf8 COLLATE=utf8_unicode_ci;

--
-- Dumping data for table `cities`
--

INSERT INTO `cities` (`id`, `created`, `modified`, `name`, `slug`, `state_id`, `country_id`, `user_count`, `code`, `latitude`, `longtitude`, `is_active`) VALUES
(1, '2012-12-17 08:59:55', '2012-12-17 08:59:55', 'Adilabad', 'adilabad', 1, 109, 0, '', '', '', 1),
(2, '2012-12-17 08:59:55', '2012-12-17 08:59:55', 'Anantapur', 'anantapur', 1, 109, 0, '', '', '', 1),
(3, '2012-12-17 08:59:55', '2012-12-17 08:59:55', 'Chittoor', 'chittoor', 1, 109, 0, '', '', '', 1),
(4, '2012-12-17 08:59:55', '2012-12-17 08:59:55', 'Anjaw', 'anjaw', 2, 109, 0, '', '', '', 1),
(5, '2012-12-17 08:59:55', '2012-12-17 08:59:55', 'Changlang', 'changlang', 2, 109, 0, '', '', '', 1),
(6, '2012-12-17 08:59:55', '2012-12-17 08:59:55', 'Dibang Valley', 'dibang-valley', 2, 109, 0, '', '', '', 1),
(7, '2012-12-17 08:59:55', '2012-12-17 08:59:55', 'East Kameng', 'east-kameng', 2, 109, 0, '', '', '', 1),
(8, '2012-12-17 08:59:55', '2012-12-17 08:59:55', 'East Siang', 'east-siang', 2, 109, 0, '', '', '', 1),
(9, '2012-12-17 08:59:55', '2012-12-17 08:59:55', 'Kurung Kumey', 'kurung-kumey', 2, 109, 0, '', '', '', 1),
(10, '2012-12-17 08:59:55', '2012-12-17 08:59:55', 'Lohit', 'lohit', 2, 109, 0, '', '', '', 1),
(11, '2012-12-17 08:59:55', '2012-12-17 08:59:55', 'Lower Dibang Valley', 'lower-dibang-valley', 2, 109, 0, '', '', '', 1),
(12, '2012-12-17 08:59:55', '2012-12-17 08:59:55', 'Lower Subansiri', 'lower-subansiri', 2, 109, 0, '', '', '', 1),
(13, '2012-12-17 08:59:55', '2012-12-17 08:59:55', 'Papum Pare', 'papum-pare', 2, 109, 0, '', '', '', 1),
(14, '2012-12-17 08:59:55', '2012-12-17 08:59:55', 'Tawang', 'tawang', 2, 109, 0, '', '', '', 1),
(15, '2012-12-17 08:59:55', '2012-12-17 08:59:55', 'Tirap', 'tirap', 2, 109, 0, '', '', '', 1),
(16, '2012-12-17 08:59:55', '2012-12-17 08:59:55', 'Upper Siang', 'upper-siang', 2, 109, 0, '', '', '', 1),
(17, '2012-12-17 08:59:56', '2012-12-17 08:59:56', 'Upper Subansiri	West Kameng', 'upper-subansiri-west-kameng', 2, 109, 0, '', '', '', 1),
(18, '2012-12-17 08:59:56', '2012-12-17 08:59:56', 'West Siang', 'west-siang', 2, 109, 0, '', '', '', 1),
(19, '2012-12-17 08:59:56', '2012-12-17 08:59:56', 'Baksa', 'baksa', 3, 109, 0, '', '', '', 1),
(20, '2012-12-17 08:59:56', '2012-12-17 08:59:56', 'Barpeta', 'barpeta', 3, 109, 0, '', '', '', 1),
(21, '2012-12-17 08:59:56', '2012-12-17 08:59:56', 'Bongaigaon', 'bongaigaon', 3, 109, 0, '', '', '', 1),
(22, '2012-12-17 08:59:56', '2012-12-17 08:59:56', 'Cachar', 'cachar', 3, 109, 0, '', '', '', 1),
(23, '2012-12-17 08:59:56', '2012-12-17 08:59:56', 'Chirang', 'chirang', 3, 109, 0, '', '', '', 1),
(24, '2012-12-17 08:59:56', '2012-12-17 08:59:56', 'Darrang', 'darrang', 3, 109, 0, '', '', '', 1),
(25, '2012-12-17 08:59:56', '2012-12-17 08:59:56', 'Dhemaji', 'dhemaji', 3, 109, 0, '', '', '', 1),
(26, '2012-12-17 08:59:56', '2012-12-17 08:59:56', 'Dhubri', 'dhubri', 3, 109, 0, '', '', '', 1),
(27, '2012-12-17 08:59:56', '2012-12-17 08:59:56', 'Dibrugarh', 'dibrugarh', 3, 109, 0, '', '', '', 1),
(28, '2012-12-17 08:59:56', '2012-12-17 08:59:56', '\nGoalpara', 'goalpara', 3, 109, 0, '', '', '', 1),
(29, '2012-12-17 08:59:56', '2012-12-17 08:59:56', 'Golaghat', 'golaghat', 3, 109, 0, '', '', '', 1),
(30, '2012-12-17 08:59:56', '2012-12-17 08:59:56', 'Hailakandi', 'hailakandi', 3, 109, 0, '', '', '', 1),
(31, '2012-12-17 08:59:56', '2012-12-17 08:59:56', 'Jorhat', 'jorhat', 3, 109, 0, '', '', '', 1),
(32, '2012-12-17 08:59:56', '2012-12-17 08:59:56', 'Kamrup', 'kamrup', 3, 109, 0, '', '', '', 1),
(33, '2012-12-17 08:59:56', '2012-12-17 08:59:56', 'Kamrup Metropolitan', 'kamrup-metropolitan', 3, 109, 0, '', '', '', 1),
(34, '2012-12-17 08:59:56', '2012-12-17 08:59:56', 'Karbi Anglong', 'karbi-anglong', 3, 109, 0, '', '', '', 1),
(35, '2012-12-17 08:59:56', '2012-12-17 08:59:56', 'Karimganj', 'karimganj', 3, 109, 0, '', '', '', 1),
(36, '2012-12-17 08:59:56', '2012-12-17 08:59:56', '\nKokrajhar', 'kokrajhar', 3, 109, 0, '', '', '', 1),
(37, '2012-12-17 08:59:56', '2012-12-17 08:59:56', 'Lakhimpur', 'lakhimpur', 3, 109, 0, '', '', '', 1),
(38, '2012-12-17 08:59:56', '2012-12-17 08:59:56', 'Morigaon', 'morigaon', 3, 109, 0, '', '', '', 1),
(39, '2012-12-17 08:59:56', '2012-12-17 08:59:56', 'Nagaon', 'nagaon', 3, 109, 0, '', '', '', 1),
(40, '2012-12-17 08:59:56', '2012-12-17 08:59:56', 'Nalbari', 'nalbari', 3, 109, 0, '', '', '', 1),
(41, '2012-12-17 08:59:56', '2012-12-17 08:59:56', 'North Cachar Hills', 'north-cachar-hills', 3, 109, 0, '', '', '', 1),
(42, '2012-12-17 08:59:56', '2012-12-17 08:59:56', 'Sivasagar', 'sivasagar', 3, 109, 0, '', '', '', 1),
(43, '2012-12-17 08:59:56', '2012-12-17 08:59:56', 'Sonitpur', 'sonitpur', 3, 109, 0, '', '', '', 1),
(44, '2012-12-17 08:59:56', '2012-12-17 08:59:56', 'Tinsukia', 'tinsukia', 3, 109, 0, '', '', '', 1),
(45, '2012-12-17 08:59:56', '2012-12-17 08:59:56', '\nUdalguri', 'udalguri', 3, 109, 0, '', '', '', 1),
(46, '2012-12-17 08:59:56', '2012-12-17 08:59:56', 'Araria', 'araria', 4, 109, 0, '', '', '', 1),
(47, '2012-12-17 08:59:56', '2012-12-17 08:59:56', 'Arwal', 'arwal', 4, 109, 0, '', '', '', 1),
(48, '2012-12-17 08:59:56', '2012-12-17 08:59:56', 'Aurangabad', 'aurangabad', 4, 109, 0, '', '', '', 1),
(49, '2012-12-17 08:59:56', '2012-12-17 08:59:56', 'Banka', 'banka', 4, 109, 0, '', '', '', 1),
(50, '2012-12-17 08:59:56', '2012-12-17 08:59:56', 'Begusarai', 'begusarai', 4, 109, 0, '', '', '', 1),
(51, '2012-12-17 08:59:56', '2012-12-17 08:59:56', 'Bhagalpur', 'bhagalpur', 4, 109, 0, '', '', '', 1),
(52, '2012-12-17 08:59:56', '2012-12-17 08:59:56', 'Bhojpur', 'bhojpur', 4, 109, 0, '', '', '', 1),
(53, '2012-12-17 08:59:56', '2012-12-17 08:59:56', 'Buxar', 'buxar', 4, 109, 0, '', '', '', 1),
(54, '2012-12-17 08:59:56', '2012-12-17 08:59:56', 'Darbhanga', 'darbhanga', 4, 109, 0, '', '', '', 1),
(55, '2012-12-17 08:59:56', '2012-12-17 08:59:56', '\nEast Champaran', 'east-champaran', 4, 109, 0, '', '', '', 1),
(56, '2012-12-17 08:59:56', '2012-12-17 08:59:56', 'Gaya', 'gaya', 4, 109, 0, '', '', '', 1),
(57, '2012-12-17 08:59:56', '2012-12-17 08:59:56', 'Gopalganj', 'gopalganj', 4, 109, 0, '', '', '', 1),
(58, '2012-12-17 08:59:56', '2012-12-17 08:59:56', 'Jamui', 'jamui', 4, 109, 0, '', '', '', 1),
(59, '2012-12-17 08:59:56', '2012-12-17 08:59:56', 'Jehanabad', 'jehanabad', 4, 109, 0, '', '', '', 1),
(60, '2012-12-17 08:59:56', '2012-12-17 08:59:56', 'Kaimur (Bhabua)', 'kaimur-bhabua', 4, 109, 0, '', '', '', 1),
(61, '2012-12-17 08:59:56', '2012-12-17 08:59:56', 'Katihar', 'katihar', 4, 109, 0, '', '', '', 1),
(62, '2012-12-17 08:59:56', '2012-12-17 08:59:56', 'Khagaria', 'khagaria', 4, 109, 0, '', '', '', 1),
(63, '2012-12-17 08:59:56', '2012-12-17 08:59:56', 'Kishanganj', 'kishanganj', 4, 109, 0, '', '', '', 1),
(64, '2012-12-17 08:59:56', '2012-12-17 08:59:56', '\nLakhisarai', 'lakhisarai', 4, 109, 0, '', '', '', 1),
(65, '2012-12-17 08:59:56', '2012-12-17 08:59:56', 'Madhepura', 'madhepura', 4, 109, 0, '', '', '', 1),
(66, '2012-12-17 08:59:56', '2012-12-17 08:59:56', 'Madhubani', 'madhubani', 4, 109, 0, '', '', '', 1),
(67, '2012-12-17 08:59:56', '2012-12-17 08:59:56', 'Munger', 'munger', 4, 109, 0, '', '', '', 1),
(68, '2012-12-17 08:59:56', '2012-12-17 08:59:56', 'Muzaffarpur', 'muzaffarpur', 4, 109, 0, '', '', '', 1),
(69, '2012-12-17 08:59:56', '2012-12-17 08:59:56', 'Nalanda', 'nalanda', 4, 109, 0, '', '', '', 1),
(70, '2012-12-17 08:59:56', '2012-12-17 08:59:56', 'Nawada', 'nawada', 4, 109, 0, '', '', '', 1),
(71, '2012-12-17 08:59:56', '2012-12-17 08:59:56', 'Patna', 'patna', 4, 109, 0, '', '', '', 1),
(72, '2012-12-17 08:59:56', '2012-12-17 08:59:56', 'Purnea', 'purnea', 4, 109, 0, '', '', '', 1),
(73, '2012-12-17 08:59:56', '2012-12-17 08:59:56', 'Rohtas', 'rohtas', 4, 109, 0, '', '', '', 1),
(74, '2012-12-17 08:59:56', '2012-12-17 08:59:56', '	    \nSaharsa', 'saharsa', 4, 109, 0, '', '', '', 1),
(75, '2012-12-17 08:59:56', '2012-12-17 08:59:56', 'Samastipur', 'samastipur', 4, 109, 0, '', '', '', 1),
(76, '2012-12-17 08:59:56', '2012-12-17 08:59:56', 'Saran', 'saran', 4, 109, 0, '', '', '', 1),
(77, '2012-12-17 08:59:56', '2012-12-17 08:59:56', 'Sheikhpura', 'sheikhpura', 4, 109, 0, '', '', '', 1),
(78, '2012-12-17 08:59:56', '2012-12-17 08:59:56', 'Sheohar', 'sheohar', 4, 109, 0, '', '', '', 1),
(79, '2012-12-17 08:59:56', '2012-12-17 08:59:56', 'Sitamarhi', 'sitamarhi', 4, 109, 0, '', '', '', 1),
(80, '2012-12-17 08:59:56', '2012-12-17 08:59:56', 'Siwan', 'siwan', 4, 109, 0, '', '', '', 1),
(81, '2012-12-17 08:59:56', '2012-12-17 08:59:56', 'Supaul', 'supaul', 4, 109, 0, '', '', '', 1),
(82, '2012-12-17 08:59:56', '2012-12-17 08:59:56', 'Vaishali', 'vaishali', 4, 109, 0, '', '', '', 1),
(83, '2012-12-17 08:59:56', '2012-12-17 08:59:56', 'West Champaran', 'west-champaran', 4, 109, 0, '', '', '', 1),
(84, '2012-12-17 08:59:56', '2012-12-17 08:59:56', 'Chandigarh', 'chandigarh', 5, 109, 0, '', '', '', 1),
(85, '2012-12-17 08:59:56', '2012-12-17 08:59:56', 'Bastar', 'bastar', 6, 109, 0, '', '', '', 1),
(86, '2012-12-17 08:59:56', '2012-12-17 08:59:56', 'Bijapur', 'bijapur', 6, 109, 0, '', '', '', 1),
(87, '2012-12-17 08:59:56', '2012-12-17 08:59:56', 'Bilaspur', 'bilaspur', 6, 109, 0, '', '', '', 1),
(88, '2012-12-17 08:59:56', '2012-12-17 08:59:56', 'Dhamtari', 'dhamtari', 6, 109, 0, '', '', '', 1),
(89, '2012-12-17 08:59:56', '2012-12-17 08:59:56', 'Durg', 'durg', 6, 109, 0, '', '', '', 1),
(90, '2012-12-17 08:59:56', '2012-12-17 08:59:56', 'Janjgir-Champa', 'janjgir-champa', 6, 109, 0, '', '', '', 1),
(91, '2012-12-17 08:59:56', '2012-12-17 08:59:56', 'Jashpur', 'jashpur', 6, 109, 0, '', '', '', 1),
(92, '2012-12-17 08:59:56', '2012-12-17 08:59:56', '\nKabirdham-Kawardha', 'kabirdham-kawardha', 6, 109, 0, '', '', '', 1),
(93, '2012-12-17 08:59:56', '2012-12-17 08:59:56', 'Korba', 'korba', 6, 109, 0, '', '', '', 1),
(94, '2012-12-17 08:59:56', '2012-12-17 08:59:56', 'Korea', 'korea', 6, 109, 0, '', '', '', 1),
(95, '2012-12-17 08:59:56', '2012-12-17 08:59:56', 'Mahasamund', 'mahasamund', 6, 109, 0, '', '', '', 1),
(96, '2012-12-17 08:59:56', '2012-12-17 08:59:56', 'Narayanpur', 'narayanpur', 6, 109, 0, '', '', '', 1),
(97, '2012-12-17 08:59:56', '2012-12-17 08:59:56', 'North Bastar-Kanker', 'north-bastar-kanker', 6, 109, 0, '', '', '', 1),
(98, '2012-12-17 08:59:56', '2012-12-17 08:59:56', ' Raigarh', 'raigarh', 6, 109, 0, '', '', '', 1),
(99, '2012-12-17 08:59:56', '2012-12-17 08:59:56', '	\nRaipur', 'raipur', 6, 109, 0, '', '', '', 1),
(100, '2012-12-17 08:59:56', '2012-12-17 08:59:56', 'Rajnandgaon', 'rajnandgaon', 6, 109, 0, '', '', '', 1),
(101, '2012-12-17 08:59:56', '2012-12-17 08:59:56', 'South Bastar-Dantewada', 'south-bastar-dantewada', 6, 109, 0, '', '', '', 1),
(102, '2012-12-17 08:59:56', '2012-12-17 08:59:56', 'Surguja', 'surguja', 6, 109, 0, '', '', '', 1),
(103, '2012-12-17 08:59:56', '2012-12-17 08:59:56', 'Dadra & Nagar Haveli', 'dadra-nagar-haveli', 7, 109, 0, '', '', '', 1),
(104, '2012-12-17 08:59:56', '2012-12-17 08:59:56', 'Daman ', 'daman', 8, 109, 0, '', '', '', 1),
(105, '2012-12-17 08:59:56', '2012-12-17 08:59:56', 'Diu', 'diu', 8, 109, 0, '', '', '', 1),
(106, '2012-12-17 08:59:56', '2012-12-17 08:59:56', 'Central Delhi', 'central-delhi', 9, 109, 0, '', '', '', 1),
(107, '2012-12-17 08:59:56', '2012-12-17 08:59:56', 'East Delhi', 'east-delhi', 9, 109, 0, '', '', '', 1),
(108, '2012-12-17 08:59:56', '2012-12-17 08:59:56', 'New Delhi', 'new-delhi', 9, 109, 0, '', '', '', 1),
(109, '2012-12-17 08:59:56', '2012-12-17 08:59:56', 'North Delhi', 'north-delhi', 9, 109, 0, '', '', '', 1),
(110, '2012-12-17 08:59:56', '2012-12-17 08:59:56', 'North East Delhi', 'north-east-delhi', 9, 109, 0, '', '', '', 1),
(111, '2012-12-17 08:59:56', '2012-12-17 08:59:56', '	\nNorth West Delhi', 'north-west-delhi', 9, 109, 0, '', '', '', 1),
(112, '2012-12-17 08:59:56', '2012-12-17 08:59:56', 'South Delhi', 'south-delhi', 9, 109, 0, '', '', '', 1),
(113, '2012-12-17 08:59:56', '2012-12-17 08:59:56', 'South West Delhi', 'south-west-delhi', 9, 109, 0, '', '', '', 1),
(114, '2012-12-17 08:59:56', '2012-12-17 08:59:56', 'West Delhi', 'west-delhi', 9, 109, 0, '', '', '', 1),
(115, '2012-12-17 08:59:56', '2012-12-17 08:59:56', 'North Goa', 'north-goa', 10, 109, 0, '', '', '', 1),
(116, '2012-12-17 08:59:56', '2012-12-17 08:59:56', 'South Goa', 'south-goa', 10, 109, 0, '', '', '', 1),
(117, '2012-12-17 08:59:56', '2012-12-17 08:59:56', 'Ahmedabad', 'ahmedabad', 11, 109, 0, '', '', '', 1),
(118, '2012-12-17 08:59:56', '2012-12-17 08:59:56', 'Amreli', 'amreli', 11, 109, 0, '', '', '', 1),
(119, '2012-12-17 08:59:56', '2012-12-17 08:59:56', 'Anand', 'anand', 11, 109, 0, '', '', '', 1),
(120, '2012-12-17 08:59:56', '2012-12-17 08:59:56', 'Banaskantha', 'banaskantha', 11, 109, 0, '', '', '', 1),
(121, '2012-12-17 08:59:56', '2012-12-17 08:59:56', 'Bharuch', 'bharuch', 11, 109, 0, '', '', '', 1),
(122, '2012-12-17 08:59:56', '2012-12-17 08:59:56', 'Bhavnagar', 'bhavnagar', 11, 109, 0, '', '', '', 1),
(123, '2012-12-17 08:59:56', '2012-12-17 08:59:56', 'Dahod', 'dahod', 11, 109, 0, '', '', '', 1),
(124, '2012-12-17 08:59:56', '2012-12-17 08:59:56', 'Dang', 'dang', 11, 109, 0, '', '', '', 1),
(125, '2012-12-17 08:59:56', '2012-12-17 08:59:56', 'Gandhinagar', 'gandhinagar', 11, 109, 0, '', '', '', 1),
(126, '2012-12-17 08:59:56', '2012-12-17 08:59:56', '\nJamnagar', 'jamnagar', 11, 109, 0, '', '', '', 1),
(127, '2012-12-17 08:59:56', '2012-12-17 08:59:56', 'Junagadh', 'junagadh', 11, 109, 0, '', '', '', 1),
(128, '2012-12-17 08:59:56', '2012-12-17 08:59:56', 'Kheda', 'kheda', 11, 109, 0, '', '', '', 1),
(129, '2012-12-17 08:59:56', '2012-12-17 08:59:56', 'Kutch', 'kutch', 11, 109, 0, '', '', '', 1),
(130, '2012-12-17 08:59:56', '2012-12-17 08:59:56', 'Mehsana', 'mehsana', 11, 109, 0, '', '', '', 1),
(131, '2012-12-17 08:59:56', '2012-12-17 08:59:56', 'Narmada', 'narmada', 11, 109, 0, '', '', '', 1),
(132, '2012-12-17 08:59:56', '2012-12-17 08:59:56', 'Navsari', 'navsari', 11, 109, 0, '', '', '', 1),
(133, '2012-12-17 08:59:56', '2012-12-17 08:59:56', 'Panchmahals', 'panchmahals', 11, 109, 0, '', '', '', 1),
(134, '2012-12-17 08:59:56', '2012-12-17 08:59:56', 'Patan', 'patan', 11, 109, 0, '', '', '', 1),
(135, '2012-12-17 08:59:56', '2012-12-17 08:59:56', 'Porbandar', 'porbandar', 11, 109, 0, '', '', '', 1),
(136, '2012-12-17 08:59:56', '2012-12-17 08:59:56', '	\nRajkot', 'rajkot', 11, 109, 0, '', '', '', 1),
(137, '2012-12-17 08:59:56', '2012-12-17 08:59:56', 'Sabarkantha', 'sabarkantha', 11, 109, 0, '', '', '', 1),
(138, '2012-12-17 08:59:56', '2012-12-17 08:59:56', 'Surat', 'surat', 11, 109, 0, '', '', '', 1),
(139, '2012-12-17 08:59:56', '2012-12-17 08:59:56', 'Surendranagar', 'surendranagar', 11, 109, 0, '', '', '', 1),
(140, '2012-12-17 08:59:56', '2012-12-17 08:59:56', 'Vadodara', 'vadodara', 11, 109, 0, '', '', '', 1),
(141, '2012-12-17 08:59:56', '2012-12-17 08:59:56', 'Valsad', 'valsad', 11, 109, 0, '', '', '', 1),
(142, '2012-12-17 08:59:56', '2012-12-17 08:59:56', 'Ambala', 'ambala', 12, 109, 0, '', '', '', 1),
(143, '2012-12-17 08:59:56', '2012-12-17 08:59:56', 'Bhiwani', 'bhiwani', 12, 109, 0, '', '', '', 1),
(144, '2012-12-17 08:59:56', '2012-12-17 08:59:56', 'Faridabad', 'faridabad', 12, 109, 0, '', '', '', 1),
(145, '2012-12-17 08:59:56', '2012-12-17 08:59:56', 'Fatehabad', 'fatehabad', 12, 109, 0, '', '', '', 1),
(146, '2012-12-17 08:59:56', '2012-12-17 08:59:56', 'Gurgaon', 'gurgaon', 12, 109, 0, '', '', '', 1),
(147, '2012-12-17 08:59:56', '2012-12-17 08:59:56', 'Hisar', 'hisar', 12, 109, 0, '', '', '', 1),
(148, '2012-12-17 08:59:56', '2012-12-17 08:59:56', 'Jhajjar', 'jhajjar', 12, 109, 0, '', '', '', 1),
(149, '2012-12-17 08:59:56', '2012-12-17 08:59:56', 'Jind', 'jind', 12, 109, 0, '', '', '', 1),
(150, '2012-12-17 08:59:56', '2012-12-17 08:59:56', 'Kaithal', 'kaithal', 12, 109, 0, '', '', '', 1),
(151, '2012-12-17 08:59:56', '2012-12-17 08:59:56', '\nKarnal', 'karnal', 12, 109, 0, '', '', '', 1),
(152, '2012-12-17 08:59:56', '2012-12-17 08:59:56', 'Kurukshetra', 'kurukshetra', 12, 109, 0, '', '', '', 1),
(153, '2012-12-17 08:59:56', '2012-12-17 08:59:56', 'Mahendragarh', 'mahendragarh', 12, 109, 0, '', '', '', 1),
(154, '2012-12-17 08:59:56', '2012-12-17 08:59:56', 'Mewat', 'mewat', 12, 109, 0, '', '', '', 1),
(155, '2012-12-17 08:59:56', '2012-12-17 08:59:56', 'Palwal', 'palwal', 12, 109, 0, '', '', '', 1),
(156, '2012-12-17 08:59:56', '2012-12-17 08:59:56', 'Panchkula', 'panchkula', 12, 109, 0, '', '', '', 1),
(157, '2012-12-17 08:59:56', '2012-12-17 08:59:56', 'Panipat', 'panipat', 12, 109, 0, '', '', '', 1),
(158, '2012-12-17 08:59:56', '2012-12-17 08:59:56', 'Rewari', 'rewari', 12, 109, 0, '', '', '', 1),
(159, '2012-12-17 08:59:56', '2012-12-17 08:59:56', 'Rohtak', 'rohtak', 12, 109, 0, '', '', '', 1),
(160, '2012-12-17 08:59:56', '2012-12-17 08:59:56', 'Sirsa', 'sirsa', 12, 109, 0, '', '', '', 1),
(161, '2012-12-17 08:59:56', '2012-12-17 08:59:56', '\nSonipat', 'sonipat', 12, 109, 0, '', '', '', 1),
(162, '2012-12-17 08:59:56', '2012-12-17 08:59:56', 'Yamunanagar', 'yamunanagar', 12, 109, 0, '', '', '', 1),
(163, '2012-12-17 08:59:56', '2012-12-17 08:59:56', 'Bilaspur', 'bilaspur-1', 13, 109, 0, '', '', '', 1),
(164, '2012-12-17 08:59:56', '2012-12-17 08:59:56', 'Chamba', 'chamba', 13, 109, 0, '', '', '', 1),
(165, '2012-12-17 08:59:56', '2012-12-17 08:59:56', 'Hamirpur', 'hamirpur', 13, 109, 0, '', '', '', 1),
(166, '2012-12-17 08:59:56', '2012-12-17 08:59:56', 'Kangra', 'kangra', 13, 109, 0, '', '', '', 1),
(167, '2012-12-17 08:59:56', '2012-12-17 08:59:56', 'Kinnaur', 'kinnaur', 13, 109, 0, '', '', '', 1),
(168, '2012-12-17 08:59:56', '2012-12-17 08:59:56', 'Kullu', 'kullu', 13, 109, 0, '', '', '', 1),
(169, '2012-12-17 08:59:56', '2012-12-17 08:59:56', '\nLahaul & Spiti', 'lahaul-spiti', 13, 109, 0, '', '', '', 1),
(170, '2012-12-17 08:59:56', '2012-12-17 08:59:56', 'Mandi', 'mandi', 13, 109, 0, '', '', '', 1),
(171, '2012-12-17 08:59:56', '2012-12-17 08:59:56', 'Shimla', 'shimla', 13, 109, 0, '', '', '', 1),
(172, '2012-12-17 08:59:56', '2012-12-17 08:59:56', 'Sirmaur', 'sirmaur', 13, 109, 0, '', '', '', 1),
(173, '2012-12-17 08:59:56', '2012-12-17 08:59:56', 'Solan', 'solan', 13, 109, 0, '', '', '', 1),
(174, '2012-12-17 08:59:56', '2012-12-17 08:59:56', 'Una', 'una', 13, 109, 0, '', '', '', 1),
(175, '2012-12-17 08:59:56', '2012-12-17 08:59:56', 'Anantnag', 'anantnag', 14, 109, 0, '', '', '', 1),
(176, '2012-12-17 08:59:56', '2012-12-17 08:59:56', 'Baramulla', 'baramulla', 14, 109, 0, '', '', '', 1),
(177, '2012-12-17 08:59:56', '2012-12-17 08:59:56', 'Budgam', 'budgam', 14, 109, 0, '', '', '', 1),
(178, '2012-12-17 08:59:56', '2012-12-17 08:59:56', 'Doda', 'doda', 14, 109, 0, '', '', '', 1),
(179, '2012-12-17 08:59:56', '2012-12-17 08:59:56', 'Jammu', 'jammu', 14, 109, 0, '', '', '', 1),
(180, '2012-12-17 08:59:56', '2012-12-17 08:59:56', 'Kargil', 'kargil', 14, 109, 0, '', '', '', 1),
(181, '2012-12-17 08:59:56', '2012-12-17 08:59:56', 'Kathua', 'kathua', 14, 109, 0, '', '', '', 1),
(182, '2012-12-17 08:59:56', '2012-12-17 08:59:56', 'Kupwara', 'kupwara', 14, 109, 0, '', '', '', 1),
(183, '2012-12-17 08:59:56', '2012-12-17 08:59:56', 'Leh', 'leh', 14, 109, 0, '', '', '', 1),
(184, '2012-12-17 08:59:56', '2012-12-17 08:59:56', '\nPoonch', 'poonch', 14, 109, 0, '', '', '', 1),
(185, '2012-12-17 08:59:56', '2012-12-17 08:59:56', 'Pulwama', 'pulwama', 14, 109, 0, '', '', '', 1),
(186, '2012-12-17 08:59:56', '2012-12-17 08:59:56', 'Rajouri', 'rajouri', 14, 109, 0, '', '', '', 1),
(187, '2012-12-17 08:59:56', '2012-12-17 08:59:56', 'Samba', 'samba', 14, 109, 0, '', '', '', 1),
(188, '2012-12-17 08:59:56', '2012-12-17 08:59:56', 'Srinagar', 'srinagar', 14, 109, 0, '', '', '', 1),
(189, '2012-12-17 08:59:56', '2012-12-17 08:59:56', 'Udhampur', 'udhampur', 14, 109, 0, '', '', '', 1),
(190, '2012-12-17 08:59:56', '2012-12-17 08:59:56', 'Bokaro', 'bokaro', 15, 109, 0, '', '', '', 1),
(191, '2012-12-17 08:59:56', '2012-12-17 08:59:56', 'Chatra', 'chatra', 15, 109, 0, '', '', '', 1),
(192, '2012-12-17 08:59:56', '2012-12-17 08:59:56', 'Deoghar', 'deoghar', 15, 109, 0, '', '', '', 1),
(193, '2012-12-17 08:59:56', '2012-12-17 08:59:56', 'Dhanbad', 'dhanbad', 15, 109, 0, '', '', '', 1),
(194, '2012-12-17 08:59:56', '2012-12-17 08:59:56', 'Dumka', 'dumka', 15, 109, 0, '', '', '', 1),
(195, '2012-12-17 08:59:56', '2012-12-17 08:59:56', 'East Singhbhum', 'east-singhbhum', 15, 109, 0, '', '', '', 1),
(196, '2012-12-17 08:59:56', '2012-12-17 08:59:56', 'Garhwa', 'garhwa', 15, 109, 0, '', '', '', 1),
(197, '2012-12-17 08:59:56', '2012-12-17 08:59:56', 'Giridih', 'giridih', 15, 109, 0, '', '', '', 1),
(198, '2012-12-17 08:59:56', '2012-12-17 08:59:56', 'Godda', 'godda', 15, 109, 0, '', '', '', 1),
(199, '2012-12-17 08:59:56', '2012-12-17 08:59:56', '\nGumla', 'gumla', 15, 109, 0, '', '', '', 1),
(200, '2012-12-17 08:59:56', '2012-12-17 08:59:56', 'Hazaribag', 'hazaribag', 15, 109, 0, '', '', '', 1),
(201, '2012-12-17 08:59:56', '2012-12-17 08:59:56', 'Jamtara', 'jamtara', 15, 109, 0, '', '', '', 1),
(202, '2012-12-17 08:59:56', '2012-12-17 08:59:56', 'Khunti', 'khunti', 15, 109, 0, '', '', '', 1),
(203, '2012-12-17 08:59:56', '2012-12-17 08:59:56', 'Koderma', 'koderma', 15, 109, 0, '', '', '', 1),
(204, '2012-12-17 08:59:56', '2012-12-17 08:59:56', 'Latehar', 'latehar', 15, 109, 0, '', '', '', 1),
(205, '2012-12-17 08:59:56', '2012-12-17 08:59:56', 'Lohardaga', 'lohardaga', 15, 109, 0, '', '', '', 1),
(206, '2012-12-17 08:59:56', '2012-12-17 08:59:56', 'Pakur', 'pakur', 15, 109, 0, '', '', '', 1),
(207, '2012-12-17 08:59:56', '2012-12-17 08:59:56', 'Palamu', 'palamu', 15, 109, 0, '', '', '', 1),
(208, '2012-12-17 08:59:56', '2012-12-17 08:59:56', 'Ramgarh', 'ramgarh', 15, 109, 0, '', '', '', 1),
(209, '2012-12-17 08:59:56', '2012-12-17 08:59:56', 'Ranchi', 'ranchi', 15, 109, 0, '', '', '', 1),
(210, '2012-12-17 08:59:56', '2012-12-17 08:59:56', '\nSahibganj', 'sahibganj', 15, 109, 0, '', '', '', 1),
(211, '2012-12-17 08:59:56', '2012-12-17 08:59:56', 'Seraikela-Kharsawan', 'seraikela-kharsawan', 15, 109, 0, '', '', '', 1),
(212, '2012-12-17 08:59:56', '2012-12-17 08:59:56', 'Simdega', 'simdega', 15, 109, 0, '', '', '', 1),
(213, '2012-12-17 08:59:56', '2012-12-17 08:59:56', 'West Singhbhum', 'west-singhbhum', 15, 109, 0, '', '', '', 1),
(214, '2012-12-17 08:59:56', '2012-12-17 08:59:56', 'Bagalkot', 'bagalkot', 16, 109, 0, '', '', '', 1),
(215, '2012-12-17 08:59:56', '2012-12-17 08:59:56', 'Bangalore', 'bangalore', 16, 109, 0, '', '', '', 1),
(216, '2012-12-17 08:59:56', '2012-12-17 08:59:56', 'Bangalore Rural', 'bangalore-rural', 16, 109, 0, '', '', '', 1),
(217, '2012-12-17 08:59:56', '2012-12-17 08:59:56', 'Belgaum', 'belgaum', 16, 109, 0, '', '', '', 1),
(218, '2012-12-17 08:59:56', '2012-12-17 08:59:56', 'Bellary', 'bellary', 16, 109, 0, '', '', '', 1),
(219, '2012-12-17 08:59:56', '2012-12-17 08:59:56', 'Bidar', 'bidar', 16, 109, 0, '', '', '', 1),
(220, '2012-12-17 08:59:56', '2012-12-17 08:59:56', 'Bijapur', 'bijapur-1', 16, 109, 0, '', '', '', 1),
(221, '2012-12-17 08:59:56', '2012-12-17 08:59:56', '\nChamrajanagar', 'chamrajanagar', 16, 109, 0, '', '', '', 1),
(222, '2012-12-17 08:59:56', '2012-12-17 08:59:56', 'Chickmagalur', 'chickmagalur', 16, 109, 0, '', '', '', 1),
(223, '2012-12-17 08:59:56', '2012-12-17 08:59:56', 'Chikballapur', 'chikballapur', 16, 109, 0, '', '', '', 1),
(224, '2012-12-17 08:59:56', '2012-12-17 08:59:56', 'Chitradurga', 'chitradurga', 16, 109, 0, '', '', '', 1),
(225, '2012-12-17 08:59:56', '2012-12-17 08:59:56', 'Dakshina Kannada', 'dakshina-kannada', 16, 109, 0, '', '', '', 1),
(226, '2012-12-17 08:59:56', '2012-12-17 08:59:56', 'Davangere', 'davangere', 16, 109, 0, '', '', '', 1),
(227, '2012-12-17 08:59:56', '2012-12-17 08:59:56', '\nDharwad', 'dharwad', 16, 109, 0, '', '', '', 1),
(228, '2012-12-17 08:59:56', '2012-12-17 08:59:56', 'Gadag', 'gadag', 16, 109, 0, '', '', '', 1),
(229, '2012-12-17 08:59:56', '2012-12-17 08:59:56', 'Gulbarga', 'gulbarga', 16, 109, 0, '', '', '', 1),
(230, '2012-12-17 08:59:56', '2012-12-17 08:59:56', 'Hassan', 'hassan', 16, 109, 0, '', '', '', 1),
(231, '2012-12-17 08:59:56', '2012-12-17 08:59:56', 'Haveri', 'haveri', 16, 109, 0, '', '', '', 1),
(232, '2012-12-17 08:59:56', '2012-12-17 08:59:56', 'Kodagu', 'kodagu', 16, 109, 0, '', '', '', 1),
(233, '2012-12-17 08:59:56', '2012-12-17 08:59:56', 'Kolar', 'kolar', 16, 109, 0, '', '', '', 1),
(234, '2012-12-17 08:59:56', '2012-12-17 08:59:56', 'Koppal', 'koppal', 16, 109, 0, '', '', '', 1),
(235, '2012-12-17 08:59:56', '2012-12-17 08:59:56', 'Mandya', 'mandya', 16, 109, 0, '', '', '', 1),
(236, '2012-12-17 08:59:56', '2012-12-17 08:59:56', 'Mysore', 'mysore', 16, 109, 0, '', '', '', 1),
(237, '2012-12-17 08:59:56', '2012-12-17 08:59:56', 'Raichur', 'raichur', 16, 109, 0, '', '', '', 1),
(238, '2012-12-17 08:59:56', '2012-12-17 08:59:56', 'Shimoga', 'shimoga', 16, 109, 0, '', '', '', 1),
(239, '2012-12-17 08:59:56', '2012-12-17 08:59:56', '	    \nTumkur', 'tumkur', 16, 109, 0, '', '', '', 1),
(240, '2012-12-17 08:59:56', '2012-12-17 08:59:56', 'Udupi', 'udupi', 16, 109, 0, '', '', '', 1),
(241, '2012-12-17 08:59:56', '2012-12-17 08:59:56', 'Uttara Kannada', 'uttara-kannada', 16, 109, 0, '', '', '', 1),
(242, '2012-12-17 08:59:56', '2012-12-17 08:59:56', 'Alappuzha', 'alappuzha', 17, 109, 0, '', '', '', 1),
(243, '2012-12-17 08:59:56', '2012-12-17 08:59:56', 'Ernakulam', 'ernakulam', 17, 109, 0, '', '', '', 1),
(244, '2012-12-17 08:59:56', '2012-12-17 08:59:56', 'Idukki', 'idukki', 17, 109, 0, '', '', '', 1),
(245, '2012-12-17 08:59:56', '2012-12-17 08:59:56', 'Kannur', 'kannur', 17, 109, 0, '', '', '', 1),
(246, '2012-12-17 08:59:56', '2012-12-17 08:59:56', 'Kasargod', 'kasargod', 17, 109, 0, '', '', '', 1),
(247, '2012-12-17 08:59:56', '2012-12-17 08:59:56', 'Kollam', 'kollam', 17, 109, 0, '', '', '', 1),
(248, '2012-12-17 08:59:56', '2012-12-17 08:59:56', 'Kottayam', 'kottayam', 17, 109, 0, '', '', '', 1),
(249, '2012-12-17 08:59:56', '2012-12-17 08:59:56', 'Kozhikode', 'kozhikode', 17, 109, 0, '', '', '', 1),
(250, '2012-12-17 08:59:56', '2012-12-17 08:59:56', '	\nMalappuram', 'malappuram', 17, 109, 0, '', '', '', 1),
(251, '2012-12-17 08:59:56', '2012-12-17 08:59:56', 'Palakkad', 'palakkad', 17, 109, 0, '', '', '', 1),
(252, '2012-12-17 08:59:56', '2012-12-17 08:59:56', 'Pathanamthitta', 'pathanamthitta', 17, 109, 0, '', '', '', 1),
(253, '2012-12-17 08:59:56', '2012-12-17 08:59:56', 'Thiruvananthapuram', 'thiruvananthapuram', 17, 109, 0, '', '', '', 1),
(254, '2012-12-17 08:59:56', '2012-12-17 08:59:56', 'Thrissur', 'thrissur', 17, 109, 0, '', '', '', 1),
(255, '2012-12-17 08:59:56', '2012-12-17 08:59:56', 'Wayanad', 'wayanad', 17, 109, 0, '', '', '', 1),
(256, '2012-12-17 08:59:56', '2012-12-17 08:59:56', 'Lakshadweep', 'lakshadweep', 18, 109, 0, '', '', '', 1),
(257, '2012-12-17 08:59:56', '2012-12-17 08:59:56', 'Alirajpur', 'alirajpur', 19, 109, 0, '', '', '', 1),
(258, '2012-12-17 08:59:56', '2012-12-17 08:59:56', 'Anuppur', 'anuppur', 19, 109, 0, '', '', '', 1),
(259, '2012-12-17 08:59:56', '2012-12-17 08:59:56', 'Ashoknagar', 'ashoknagar', 19, 109, 0, '', '', '', 1),
(260, '2012-12-17 08:59:56', '2012-12-17 08:59:56', 'Balaghat', 'balaghat', 19, 109, 0, '', '', '', 1),
(261, '2012-12-17 08:59:56', '2012-12-17 08:59:56', 'Barwani', 'barwani', 19, 109, 0, '', '', '', 1),
(262, '2012-12-17 08:59:56', '2012-12-17 08:59:56', 'Betul', 'betul', 19, 109, 0, '', '', '', 1),
(263, '2012-12-17 08:59:56', '2012-12-17 08:59:56', 'Bhind', 'bhind', 19, 109, 0, '', '', '', 1),
(264, '2012-12-17 08:59:56', '2012-12-17 08:59:56', 'Bhopal', 'bhopal', 19, 109, 0, '', '', '', 1),
(265, '2012-12-17 08:59:56', '2012-12-17 08:59:56', '\nBurhanpur', 'burhanpur', 19, 109, 0, '', '', '', 1),
(266, '2012-12-17 08:59:56', '2012-12-17 08:59:56', 'Chhatarpur', 'chhatarpur', 19, 109, 0, '', '', '', 1),
(267, '2012-12-17 08:59:56', '2012-12-17 08:59:56', 'Chhindwara', 'chhindwara', 19, 109, 0, '', '', '', 1),
(268, '2012-12-17 08:59:56', '2012-12-17 08:59:56', 'Damoh', 'damoh', 19, 109, 0, '', '', '', 1),
(269, '2012-12-17 08:59:56', '2012-12-17 08:59:56', 'Datia', 'datia', 19, 109, 0, '', '', '', 1),
(270, '2012-12-17 08:59:56', '2012-12-17 08:59:56', 'Dewas', 'dewas', 19, 109, 0, '', '', '', 1),
(271, '2012-12-17 08:59:56', '2012-12-17 08:59:56', 'Dhar', 'dhar-1', 19, 109, 0, '', '', '', 1),
(272, '2012-12-17 08:59:56', '2012-12-17 08:59:56', 'Dindori', 'dindori', 19, 109, 0, '', '', '', 1),
(273, '2012-12-17 08:59:56', '2012-12-17 08:59:56', 'Guna', 'guna', 19, 109, 0, '', '', '', 1),
(274, '2012-12-17 08:59:56', '2012-12-17 08:59:56', 'Gwalior', 'gwalior', 19, 109, 0, '', '', '', 1),
(275, '2012-12-17 08:59:56', '2012-12-17 08:59:56', 'Harda', 'harda', 19, 109, 0, '', '', '', 1),
(276, '2012-12-17 08:59:56', '2012-12-17 08:59:56', 'Hoshangabad', 'hoshangabad', 19, 109, 0, '', '', '', 1),
(277, '2012-12-17 08:59:56', '2012-12-17 08:59:56', '\nIndore', 'indore', 19, 109, 0, '', '', '', 1),
(278, '2012-12-17 08:59:56', '2012-12-17 08:59:56', 'Jabalpur', 'jabalpur', 19, 109, 0, '', '', '', 1),
(279, '2012-12-17 08:59:56', '2012-12-17 08:59:56', 'Jhabua', 'jhabua', 19, 109, 0, '', '', '', 1),
(280, '2012-12-17 08:59:56', '2012-12-17 08:59:56', 'Katni', 'katni', 19, 109, 0, '', '', '', 1),
(281, '2012-12-17 08:59:56', '2012-12-17 08:59:56', 'Khandwa', 'khandwa', 19, 109, 0, '', '', '', 1),
(282, '2012-12-17 08:59:56', '2012-12-17 08:59:56', 'Khargone', 'khargone', 19, 109, 0, '', '', '', 1),
(283, '2012-12-17 08:59:56', '2012-12-17 08:59:56', 'Mandla', 'mandla', 19, 109, 0, '', '', '', 1),
(284, '2012-12-17 08:59:56', '2012-12-17 08:59:56', 'Mandsaur', 'mandsaur', 19, 109, 0, '', '', '', 1),
(285, '2012-12-17 08:59:56', '2012-12-17 08:59:56', 'Morena', 'morena', 19, 109, 0, '', '', '', 1),
(286, '2012-12-17 08:59:56', '2012-12-17 08:59:56', 'Narsinghpur', 'narsinghpur', 19, 109, 0, '', '', '', 1),
(287, '2012-12-17 08:59:56', '2012-12-17 08:59:56', 'Neemuch', 'neemuch', 19, 109, 0, '', '', '', 1),
(288, '2012-12-17 08:59:56', '2012-12-17 08:59:56', '\nPanna', 'panna', 19, 109, 0, '', '', '', 1),
(289, '2012-12-17 08:59:56', '2012-12-17 08:59:56', 'Raisen', 'raisen', 19, 109, 0, '', '', '', 1),
(290, '2012-12-17 08:59:56', '2012-12-17 08:59:56', 'Rajgarh', 'rajgarh', 19, 109, 0, '', '', '', 1),
(291, '2012-12-17 08:59:56', '2012-12-17 08:59:56', 'Ratlam', 'ratlam', 19, 109, 0, '', '', '', 1),
(292, '2012-12-17 08:59:56', '2012-12-17 08:59:56', 'Rewa', 'rewa-1', 19, 109, 0, '', '', '', 1),
(293, '2012-12-17 08:59:56', '2012-12-17 08:59:56', 'Sagar', 'sagar', 19, 109, 0, '', '', '', 1),
(294, '2012-12-17 08:59:56', '2012-12-17 08:59:56', 'Satna', 'satna', 19, 109, 0, '', '', '', 1),
(295, '2012-12-17 08:59:56', '2012-12-17 08:59:56', 'Sehore', 'sehore', 19, 109, 0, '', '', '', 1),
(296, '2012-12-17 08:59:56', '2012-12-17 08:59:56', 'Seoni', 'seoni', 19, 109, 0, '', '', '', 1),
(297, '2012-12-17 08:59:56', '2012-12-17 08:59:56', 'Shahdol', 'shahdol', 19, 109, 0, '', '', '', 1),
(298, '2012-12-17 08:59:56', '2012-12-17 08:59:56', 'Shajapur', 'shajapur', 19, 109, 0, '', '', '', 1),
(299, '2012-12-17 08:59:56', '2012-12-17 08:59:56', 'Sheopur', 'sheopur', 19, 109, 0, '', '', '', 1),
(300, '2012-12-17 08:59:56', '2012-12-17 08:59:56', 'Shivpuri', 'shivpuri', 19, 109, 0, '', '', '', 1),
(301, '2012-12-17 08:59:56', '2012-12-17 08:59:56', '\nSidhi', 'sidhi', 19, 109, 0, '', '', '', 1),
(302, '2012-12-17 08:59:57', '2012-12-17 08:59:57', 'Singrauli', 'singrauli', 19, 109, 0, '', '', '', 1),
(303, '2012-12-17 08:59:57', '2012-12-17 08:59:57', 'Tikamgarh', 'tikamgarh', 19, 109, 0, '', '', '', 1),
(304, '2012-12-17 08:59:57', '2012-12-17 08:59:57', 'Ujjain', 'ujjain', 19, 109, 0, '', '', '', 1),
(305, '2012-12-17 08:59:57', '2012-12-17 08:59:57', 'Umaria', 'umaria', 19, 109, 0, '', '', '', 1),
(306, '2012-12-17 08:59:57', '2012-12-17 08:59:57', 'Vidisha', 'vidisha', 19, 109, 0, '', '', '', 1),
(307, '2012-12-17 08:59:57', '2012-12-17 08:59:57', 'Ahmednagar', 'ahmednagar', 20, 109, 0, '', '', '', 1),
(308, '2012-12-17 08:59:57', '2012-12-17 08:59:57', 'Akola', 'akola', 20, 109, 0, '', '', '', 1),
(309, '2012-12-17 08:59:57', '2012-12-17 08:59:57', 'Amravati', 'amravati', 20, 109, 0, '', '', '', 1),
(310, '2012-12-17 08:59:57', '2012-12-17 08:59:57', 'Aurangabad', 'aurangabad-1', 20, 109, 0, '', '', '', 1),
(311, '2012-12-17 08:59:57', '2012-12-17 08:59:57', 'Beed', 'beed', 20, 109, 0, '', '', '', 1),
(312, '2012-12-17 08:59:57', '2012-12-17 08:59:57', 'Bhandara', 'bhandara', 20, 109, 0, '', '', '', 1),
(313, '2012-12-17 08:59:57', '2012-12-17 08:59:57', 'Buldhana', 'buldhana', 20, 109, 0, '', '', '', 1),
(314, '2012-12-17 08:59:57', '2012-12-17 08:59:57', 'Chandrapur', 'chandrapur', 20, 109, 0, '', '', '', 1),
(315, '2012-12-17 08:59:57', '2012-12-17 08:59:57', '	\nDhule', 'dhule', 20, 109, 0, '', '', '', 1),
(316, '2012-12-17 08:59:57', '2012-12-17 08:59:57', 'Gadchiroli', 'gadchiroli', 20, 109, 0, '', '', '', 1),
(317, '2012-12-17 08:59:57', '2012-12-17 08:59:57', 'Gondia', 'gondia', 20, 109, 0, '', '', '', 1),
(318, '2012-12-17 08:59:57', '2012-12-17 08:59:57', 'Hingoli', 'hingoli', 20, 109, 0, '', '', '', 1),
(319, '2012-12-17 08:59:57', '2012-12-17 08:59:57', 'Jalgaon', 'jalgaon', 20, 109, 0, '', '', '', 1),
(320, '2012-12-17 08:59:57', '2012-12-17 08:59:57', 'Jalna', 'jalna', 20, 109, 0, '', '', '', 1),
(321, '2012-12-17 08:59:57', '2012-12-17 08:59:57', 'Kolhapur', 'kolhapur', 20, 109, 0, '', '', '', 1),
(322, '2012-12-17 08:59:57', '2012-12-17 08:59:57', 'Latur', 'latur', 20, 109, 0, '', '', '', 1),
(323, '2012-12-17 08:59:57', '2012-12-17 08:59:57', 'Mumbai City', 'mumbai-city', 20, 109, 0, '', '', '', 1),
(324, '2012-12-17 08:59:57', '2012-12-17 08:59:57', 'Mumbai Suburban', 'mumbai-suburban', 20, 109, 0, '', '', '', 1),
(325, '2012-12-17 08:59:57', '2012-12-17 08:59:57', '\nNagpur', 'nagpur', 20, 109, 0, '', '', '', 1),
(326, '2012-12-17 08:59:57', '2012-12-17 08:59:57', 'Nanded', 'nanded', 20, 109, 0, '', '', '', 1),
(327, '2012-12-17 08:59:57', '2012-12-17 08:59:57', 'Nandurbar', 'nandurbar', 20, 109, 0, '', '', '', 1),
(328, '2012-12-17 08:59:57', '2012-12-17 08:59:57', 'Nashik', 'nashik', 20, 109, 0, '', '', '', 1),
(329, '2012-12-17 08:59:57', '2012-12-17 08:59:57', 'Osmanabad', 'osmanabad', 20, 109, 0, '', '', '', 1),
(330, '2012-12-17 08:59:57', '2012-12-17 08:59:57', 'Parbhani', 'parbhani', 20, 109, 0, '', '', '', 1),
(331, '2012-12-17 08:59:57', '2012-12-17 08:59:57', 'Pune', 'pune', 20, 109, 0, '', '', '', 1),
(332, '2012-12-17 08:59:57', '2012-12-17 08:59:57', 'Raigad', 'raigad', 20, 109, 0, '', '', '', 1),
(333, '2012-12-17 08:59:57', '2012-12-17 08:59:57', 'Ratnagiri', 'ratnagiri', 20, 109, 0, '', '', '', 1),
(334, '2012-12-17 08:59:57', '2012-12-17 08:59:57', 'Sangli', 'sangli', 20, 109, 0, '', '', '', 1),
(335, '2012-12-17 08:59:57', '2012-12-17 08:59:57', 'Satara', 'satara', 20, 109, 0, '', '', '', 1),
(336, '2012-12-17 08:59:57', '2012-12-17 08:59:57', '\nSindhudurg', 'sindhudurg', 20, 109, 0, '', '', '', 1),
(337, '2012-12-17 08:59:57', '2012-12-17 08:59:57', 'Solapur', 'solapur', 20, 109, 0, '', '', '', 1),
(338, '2012-12-17 08:59:57', '2012-12-17 08:59:57', 'Thane', 'thane', 20, 109, 0, '', '', '', 1),
(339, '2012-12-17 08:59:57', '2012-12-17 08:59:57', 'Wardha', 'wardha', 20, 109, 0, '', '', '', 1),
(340, '2012-12-17 08:59:57', '2012-12-17 08:59:57', 'Washim', 'washim', 20, 109, 0, '', '', '', 1),
(341, '2012-12-17 08:59:57', '2012-12-17 08:59:57', 'Yavatmal', 'yavatmal', 20, 109, 0, '', '', '', 1),
(342, '2012-12-17 08:59:57', '2012-12-17 08:59:57', 'Bishnupur', 'bishnupur', 21, 109, 0, '', '', '', 1),
(343, '2012-12-17 08:59:57', '2012-12-17 08:59:57', 'Chandel', 'chandel', 21, 109, 0, '', '', '', 1),
(344, '2012-12-17 08:59:57', '2012-12-17 08:59:57', 'Churachandpur', 'churachandpur', 21, 109, 0, '', '', '', 1),
(345, '2012-12-17 08:59:57', '2012-12-17 08:59:57', 'Imphal East', 'imphal-east', 21, 109, 0, '', '', '', 1),
(346, '2012-12-17 08:59:57', '2012-12-17 08:59:57', 'Imphal West', 'imphal-west', 21, 109, 0, '', '', '', 1),
(347, '2012-12-17 08:59:57', '2012-12-17 08:59:57', 'Senapati\nTamenglong', 'senapati-tamenglong', 21, 109, 0, '', '', '', 1),
(348, '2012-12-17 08:59:57', '2012-12-17 08:59:57', 'Thoubal', 'thoubal', 21, 109, 0, '', '', '', 1),
(349, '2012-12-17 08:59:57', '2012-12-17 08:59:57', 'Ukhrul', 'ukhrul', 21, 109, 0, '', '', '', 1),
(350, '2012-12-17 08:59:57', '2012-12-17 08:59:57', 'Aizawl', 'aizawl', 22, 109, 0, '', '', '', 1),
(351, '2012-12-17 08:59:57', '2012-12-17 08:59:57', 'Champhai', 'champhai', 22, 109, 0, '', '', '', 1),
(352, '2012-12-17 08:59:57', '2012-12-17 08:59:57', 'Kolasib', 'kolasib', 22, 109, 0, '', '', '', 1),
(353, '2012-12-17 08:59:57', '2012-12-17 08:59:57', 'Lawngtlai', 'lawngtlai', 22, 109, 0, '', '', '', 1),
(354, '2012-12-17 08:59:57', '2012-12-17 08:59:57', 'Lunglei', 'lunglei', 22, 109, 0, '', '', '', 1),
(355, '2012-12-17 08:59:57', '2012-12-17 08:59:57', 'Mamit', 'mamit', 22, 109, 0, '', '', '', 1),
(356, '2012-12-17 08:59:57', '2012-12-17 08:59:57', 'Saiha', 'saiha', 22, 109, 0, '', '', '', 1),
(357, '2012-12-17 08:59:57', '2012-12-17 08:59:57', 'Serchhip', 'serchhip', 22, 109, 0, '', '', '', 1),
(358, '2012-12-17 08:59:57', '2012-12-17 08:59:57', 'Dimapur', 'dimapur', 23, 109, 0, '', '', '', 1),
(359, '2012-12-17 08:59:57', '2012-12-17 08:59:57', 'Kephrie', 'kephrie', 23, 109, 0, '', '', '', 1),
(360, '2012-12-17 08:59:57', '2012-12-17 08:59:57', 'Kohima', 'kohima', 23, 109, 0, '', '', '', 1),
(361, '2012-12-17 08:59:57', '2012-12-17 08:59:57', 'Longleng', 'longleng', 23, 109, 0, '', '', '', 1),
(362, '2012-12-17 08:59:57', '2012-12-17 08:59:57', 'Mokokchung', 'mokokchung', 23, 109, 0, '', '', '', 1),
(363, '2012-12-17 08:59:57', '2012-12-17 08:59:57', 'Mon', 'mon', 23, 109, 0, '', '', '', 1),
(364, '2012-12-17 08:59:57', '2012-12-17 08:59:57', 'Peren', 'peren', 23, 109, 0, '', '', '', 1),
(365, '2012-12-17 08:59:57', '2012-12-17 08:59:57', 'Phek', 'phek', 23, 109, 0, '', '', '', 1),
(366, '2012-12-17 08:59:57', '2012-12-17 08:59:57', 'Tuensang', 'tuensang', 23, 109, 0, '', '', '', 1),
(367, '2012-12-17 08:59:57', '2012-12-17 08:59:57', '\nWokha', 'wokha', 23, 109, 0, '', '', '', 1),
(368, '2012-12-17 08:59:57', '2012-12-17 08:59:57', 'Zunheboto', 'zunheboto', 23, 109, 0, '', '', '', 1),
(369, '2012-12-17 08:59:57', '2012-12-17 08:59:57', 'Angul', 'angul', 24, 109, 0, '', '', '', 1),
(370, '2012-12-17 08:59:57', '2012-12-17 08:59:57', 'Balangir', 'balangir', 24, 109, 0, '', '', '', 1),
(371, '2012-12-17 08:59:57', '2012-12-17 08:59:57', 'Balasore', 'balasore', 24, 109, 0, '', '', '', 1),
(372, '2012-12-17 08:59:57', '2012-12-17 08:59:57', 'Bargarh', 'bargarh', 24, 109, 0, '', '', '', 1),
(373, '2012-12-17 08:59:57', '2012-12-17 08:59:57', 'Bhadrak', 'bhadrak', 24, 109, 0, '', '', '', 1),
(374, '2012-12-17 08:59:57', '2012-12-17 08:59:57', 'Boudh', 'boudh', 24, 109, 0, '', '', '', 1),
(375, '2012-12-17 08:59:57', '2012-12-17 08:59:57', 'Cuttack', 'cuttack', 24, 109, 0, '', '', '', 1),
(376, '2012-12-17 08:59:57', '2012-12-17 08:59:57', 'Deogarh', 'deogarh', 24, 109, 0, '', '', '', 1),
(377, '2012-12-17 08:59:57', '2012-12-17 08:59:57', 'Dhenkanal\nGajapati', 'dhenkanal-gajapati', 24, 109, 0, '', '', '', 1),
(378, '2012-12-17 08:59:57', '2012-12-17 08:59:57', 'Ganjam', 'ganjam', 24, 109, 0, '', '', '', 1),
(379, '2012-12-17 08:59:57', '2012-12-17 08:59:57', 'Jagatsinghapur', 'jagatsinghapur', 24, 109, 0, '', '', '', 1),
(380, '2012-12-17 08:59:57', '2012-12-17 08:59:57', 'Jajpur', 'jajpur', 24, 109, 0, '', '', '', 1),
(381, '2012-12-17 08:59:57', '2012-12-17 08:59:57', 'Jharsuguda', 'jharsuguda', 24, 109, 0, '', '', '', 1),
(382, '2012-12-17 08:59:57', '2012-12-17 08:59:57', 'Kalahandi', 'kalahandi', 24, 109, 0, '', '', '', 1),
(383, '2012-12-17 08:59:57', '2012-12-17 08:59:57', 'Kandhamal', 'kandhamal', 24, 109, 0, '', '', '', 1),
(384, '2012-12-17 08:59:57', '2012-12-17 08:59:57', 'Kendrapara', 'kendrapara', 24, 109, 0, '', '', '', 1),
(385, '2012-12-17 08:59:57', '2012-12-17 08:59:57', 'Kendujhar', 'kendujhar', 24, 109, 0, '', '', '', 1),
(386, '2012-12-17 08:59:57', '2012-12-17 08:59:57', '\nKhordha', 'khordha', 24, 109, 0, '', '', '', 1),
(387, '2012-12-17 08:59:57', '2012-12-17 08:59:57', 'Koraput', 'koraput', 24, 109, 0, '', '', '', 1),
(388, '2012-12-17 08:59:57', '2012-12-17 08:59:57', 'Malkangiri', 'malkangiri', 24, 109, 0, '', '', '', 1),
(389, '2012-12-17 08:59:57', '2012-12-17 08:59:57', 'Mayurbhanj', 'mayurbhanj', 24, 109, 0, '', '', '', 1),
(390, '2012-12-17 08:59:57', '2012-12-17 08:59:57', 'Nabarangpur', 'nabarangpur', 24, 109, 0, '', '', '', 1),
(391, '2012-12-17 08:59:57', '2012-12-17 08:59:57', 'Nayagarh', 'nayagarh', 24, 109, 0, '', '', '', 1),
(392, '2012-12-17 08:59:57', '2012-12-17 08:59:57', 'Nuapada', 'nuapada', 24, 109, 0, '', '', '', 1),
(393, '2012-12-17 08:59:57', '2012-12-17 08:59:57', 'Puri', 'puri', 24, 109, 0, '', '', '', 1),
(394, '2012-12-17 08:59:57', '2012-12-17 08:59:57', 'Rayagada', 'rayagada', 24, 109, 0, '', '', '', 1),
(395, '2012-12-17 08:59:57', '2012-12-17 08:59:57', '\nSambalpur', 'sambalpur', 24, 109, 0, '', '', '', 1),
(396, '2012-12-17 08:59:57', '2012-12-17 08:59:57', 'Subarnapur', 'subarnapur', 24, 109, 0, '', '', '', 1),
(397, '2012-12-17 08:59:57', '2012-12-17 08:59:57', 'Sundargarh', 'sundargarh', 24, 109, 0, '', '', '', 1),
(398, '2012-12-17 08:59:57', '2012-12-17 08:59:57', 'Karaikal', 'karaikal', 25, 109, 0, '', '', '', 1),
(399, '2012-12-17 08:59:57', '2012-12-17 08:59:57', 'Mahe', 'mahe-1', 25, 109, 0, '', '', '', 1),
(400, '2012-12-17 08:59:57', '2012-12-17 08:59:57', 'Pondicherry', 'pondicherry', 25, 109, 0, '', '', '', 1),
(401, '2012-12-17 08:59:57', '2012-12-17 08:59:57', 'Yanam', 'yanam', 25, 109, 0, '', '', '', 1),
(402, '2012-12-17 08:59:57', '2012-12-17 08:59:57', 'Amritsar', 'amritsar', 26, 109, 0, '', '', '', 1),
(403, '2012-12-17 08:59:57', '2012-12-17 08:59:57', 'Barnala', 'barnala', 26, 109, 0, '', '', '', 1),
(404, '2012-12-17 08:59:57', '2012-12-17 08:59:57', 'Bathinda', 'bathinda', 26, 109, 0, '', '', '', 1),
(405, '2012-12-17 08:59:57', '2012-12-17 08:59:57', 'Faridkot', 'faridkot', 26, 109, 0, '', '', '', 1),
(406, '2012-12-17 08:59:57', '2012-12-17 08:59:57', 'Fatehgarh Sahib', 'fatehgarh-sahib', 26, 109, 0, '', '', '', 1),
(407, '2012-12-17 08:59:57', '2012-12-17 08:59:57', 'Ferozepur', 'ferozepur', 26, 109, 0, '', '', '', 1),
(408, '2012-12-17 08:59:57', '2012-12-17 08:59:57', 'Gurdaspur', 'gurdaspur', 26, 109, 0, '', '', '', 1),
(409, '2012-12-17 08:59:57', '2012-12-17 08:59:57', '\nHoshiarpur', 'hoshiarpur', 26, 109, 0, '', '', '', 1),
(410, '2012-12-17 08:59:57', '2012-12-17 08:59:57', 'Jalandhar', 'jalandhar', 26, 109, 0, '', '', '', 1),
(411, '2012-12-17 08:59:57', '2012-12-17 08:59:57', 'Kapurthala', 'kapurthala', 26, 109, 0, '', '', '', 1),
(412, '2012-12-17 08:59:57', '2012-12-17 08:59:57', 'Ludhiana', 'ludhiana', 26, 109, 0, '', '', '', 1),
(413, '2012-12-17 08:59:57', '2012-12-17 08:59:57', 'Mansa', 'mansa', 26, 109, 0, '', '', '', 1),
(414, '2012-12-17 08:59:57', '2012-12-17 08:59:57', 'Moga', 'moga', 26, 109, 0, '', '', '', 1),
(415, '2012-12-17 08:59:57', '2012-12-17 08:59:57', 'Muktsar', 'muktsar', 26, 109, 0, '', '', '', 1),
(416, '2012-12-17 08:59:57', '2012-12-17 08:59:57', 'Nawanshahr', 'nawanshahr', 26, 109, 0, '', '', '', 1),
(417, '2012-12-17 08:59:57', '2012-12-17 08:59:57', 'Patiala', 'patiala', 26, 109, 0, '', '', '', 1),
(418, '2012-12-17 08:59:57', '2012-12-17 08:59:57', 'Rupnagar', 'rupnagar', 26, 109, 0, '', '', '', 1),
(419, '2012-12-17 08:59:57', '2012-12-17 08:59:57', '\nSangrur', 'sangrur', 26, 109, 0, '', '', '', 1),
(420, '2012-12-17 08:59:57', '2012-12-17 08:59:57', 'SAS Nagar', 'sas-nagar', 26, 109, 0, '', '', '', 1),
(421, '2012-12-17 08:59:57', '2012-12-17 08:59:57', 'Tarn Taran', 'tarn-taran', 26, 109, 0, '', '', '', 1),
(422, '2012-12-17 08:59:57', '2012-12-17 08:59:57', 'Ajmer', 'ajmer', 27, 109, 0, '', '', '', 1),
(423, '2012-12-17 08:59:57', '2012-12-17 08:59:57', 'Alwar', 'alwar', 27, 109, 0, '', '', '', 1),
(424, '2012-12-17 08:59:57', '2012-12-17 08:59:57', 'Banswara', 'banswara', 27, 109, 0, '', '', '', 1),
(425, '2012-12-17 08:59:57', '2012-12-17 08:59:57', 'Baran', 'baran', 27, 109, 0, '', '', '', 1),
(426, '2012-12-17 08:59:57', '2012-12-17 08:59:57', 'Barmer', 'barmer', 27, 109, 0, '', '', '', 1),
(427, '2012-12-17 08:59:57', '2012-12-17 08:59:57', 'Bharatpur', 'bharatpur', 27, 109, 0, '', '', '', 1),
(428, '2012-12-17 08:59:57', '2012-12-17 08:59:57', 'Bhilwara', 'bhilwara', 27, 109, 0, '', '', '', 1),
(429, '2012-12-17 08:59:57', '2012-12-17 08:59:57', 'Bikaner', 'bikaner', 27, 109, 0, '', '', '', 1),
(430, '2012-12-17 08:59:57', '2012-12-17 08:59:57', 'Bundi', 'bundi', 27, 109, 0, '', '', '', 1),
(431, '2012-12-17 08:59:57', '2012-12-17 08:59:57', '\nChittorgarh', 'chittorgarh', 27, 109, 0, '', '', '', 1),
(432, '2012-12-17 08:59:57', '2012-12-17 08:59:57', 'Churu', 'churu', 27, 109, 0, '', '', '', 1),
(433, '2012-12-17 08:59:57', '2012-12-17 08:59:57', 'Dausa', 'dausa', 27, 109, 0, '', '', '', 1),
(434, '2012-12-17 08:59:57', '2012-12-17 08:59:57', 'Dholpur', 'dholpur', 27, 109, 0, '', '', '', 1),
(435, '2012-12-17 08:59:57', '2012-12-17 08:59:57', 'Dungarpur', 'dungarpur', 27, 109, 0, '', '', '', 1),
(436, '2012-12-17 08:59:57', '2012-12-17 08:59:57', 'Hanumangarh', 'hanumangarh', 27, 109, 0, '', '', '', 1),
(437, '2012-12-17 08:59:57', '2012-12-17 08:59:57', 'Jaipur', 'jaipur', 27, 109, 0, '', '', '', 1),
(438, '2012-12-17 08:59:57', '2012-12-17 08:59:57', 'Jaisalmer', 'jaisalmer', 27, 109, 0, '', '', '', 1),
(439, '2012-12-17 08:59:57', '2012-12-17 08:59:57', 'Jalore', 'jalore', 27, 109, 0, '', '', '', 1),
(440, '2012-12-17 08:59:57', '2012-12-17 08:59:57', 'Jhalawar', 'jhalawar', 27, 109, 0, '', '', '', 1),
(441, '2012-12-17 08:59:57', '2012-12-17 08:59:57', '\nJhunjhunu', 'jhunjhunu', 27, 109, 0, '', '', '', 1),
(442, '2012-12-17 08:59:57', '2012-12-17 08:59:57', 'Jodhpur', 'jodhpur', 27, 109, 0, '', '', '', 1),
(443, '2012-12-17 08:59:57', '2012-12-17 08:59:57', 'Karauli', 'karauli', 27, 109, 0, '', '', '', 1),
(444, '2012-12-17 08:59:57', '2012-12-17 08:59:57', 'Kota', 'kota', 27, 109, 0, '', '', '', 1),
(445, '2012-12-17 08:59:57', '2012-12-17 08:59:57', 'Nagaur', 'nagaur', 27, 109, 0, '', '', '', 1),
(446, '2012-12-17 08:59:57', '2012-12-17 08:59:57', 'Pali', 'pali', 27, 109, 0, '', '', '', 1),
(447, '2012-12-17 08:59:57', '2012-12-17 08:59:57', 'Pratapgarh', 'pratapgarh', 27, 109, 0, '', '', '', 1),
(448, '2012-12-17 08:59:57', '2012-12-17 08:59:57', 'Rajsamand', 'rajsamand', 27, 109, 0, '', '', '', 1),
(449, '2012-12-17 08:59:57', '2012-12-17 08:59:57', 'Sawai Madhopur', 'sawai-madhopur', 27, 109, 0, '', '', '', 1),
(450, '2012-12-17 08:59:57', '2012-12-17 08:59:57', 'Sikar', 'sikar', 27, 109, 0, '', '', '', 1),
(451, '2012-12-17 08:59:57', '2012-12-17 08:59:57', '\nSirohi', 'sirohi', 27, 109, 0, '', '', '', 1),
(452, '2012-12-17 08:59:57', '2012-12-17 08:59:57', 'Sri Ganganagar', 'sri-ganganagar', 27, 109, 0, '', '', '', 1),
(453, '2012-12-17 08:59:57', '2012-12-17 08:59:57', 'Tonk', 'tonk', 27, 109, 0, '', '', '', 1),
(454, '2012-12-17 08:59:57', '2012-12-17 08:59:57', 'Udaipur', 'udaipur', 27, 109, 0, '', '', '', 1),
(455, '2012-12-17 08:59:57', '2012-12-17 08:59:57', 'Ariyalur', 'ariyalur', 28, 109, 0, '', '', '', 1),
(456, '2012-12-17 08:59:57', '2012-12-17 08:59:57', 'Chennai', 'chennai', 28, 109, 0, '', '', '', 1),
(457, '2012-12-17 08:59:57', '2012-12-17 08:59:57', 'Coimbatore', 'coimbatore', 28, 109, 0, '', '', '', 1),
(458, '2012-12-17 08:59:57', '2012-12-17 08:59:57', 'Cuddalore', 'cuddalore', 28, 109, 0, '', '', '', 1),
(459, '2012-12-17 08:59:57', '2012-12-17 08:59:57', 'Dharmapuri', 'dharmapuri', 28, 109, 0, '', '', '', 1),
(460, '2012-12-17 08:59:57', '2012-12-17 08:59:57', 'Dindigul', 'dindigul', 28, 109, 0, '', '', '', 1),
(461, '2012-12-17 08:59:57', '2012-12-17 08:59:57', 'Erode', 'erode', 28, 109, 0, '', '', '', 1),
(462, '2012-12-17 08:59:57', '2012-12-17 08:59:57', '\nKanchipuram', 'kanchipuram', 28, 109, 0, '', '', '', 1),
(463, '2012-12-17 08:59:57', '2012-12-17 08:59:57', 'Kanyakumari', 'kanyakumari', 28, 109, 0, '', '', '', 1),
(464, '2012-12-17 08:59:57', '2012-12-17 08:59:57', 'Karur', 'karur', 28, 109, 0, '', '', '', 1),
(465, '2012-12-17 08:59:57', '2012-12-17 08:59:57', 'Krishnagiri', 'krishnagiri', 28, 109, 0, '', '', '', 1),
(466, '2012-12-17 08:59:57', '2012-12-17 08:59:57', 'Madurai', 'madurai', 28, 109, 0, '', '', '', 1),
(467, '2012-12-17 08:59:57', '2012-12-17 08:59:57', 'Nagapattinam', 'nagapattinam', 28, 109, 0, '', '', '', 1),
(468, '2012-12-17 08:59:57', '2012-12-17 08:59:57', 'Namakkal', 'namakkal', 28, 109, 0, '', '', '', 1),
(469, '2012-12-17 08:59:57', '2012-12-17 08:59:57', 'Perambalur', 'perambalur', 28, 109, 0, '', '', '', 1),
(470, '2012-12-17 08:59:57', '2012-12-17 08:59:57', '\nPudukkottai', 'pudukkottai', 28, 109, 0, '', '', '', 1),
(471, '2012-12-17 08:59:57', '2012-12-17 08:59:57', 'Ramanathapuram', 'ramanathapuram', 28, 109, 0, '', '', '', 1),
(472, '2012-12-17 08:59:57', '2012-12-17 08:59:57', 'Salem', 'salem', 28, 109, 0, '', '', '', 1),
(473, '2012-12-17 08:59:57', '2012-12-17 08:59:57', 'Sivaganga', 'sivaganga', 28, 109, 0, '', '', '', 1),
(474, '2012-12-17 08:59:57', '2012-12-17 08:59:57', 'Thanjavur', 'thanjavur', 28, 109, 0, '', '', '', 1),
(475, '2012-12-17 08:59:57', '2012-12-17 08:59:57', 'The Nilgiris', 'the-nilgiris', 28, 109, 0, '', '', '', 1),
(476, '2012-12-17 08:59:57', '2012-12-17 08:59:57', 'Theni', 'theni', 28, 109, 0, '', '', '', 1),
(477, '2012-12-17 08:59:57', '2012-12-17 08:59:57', 'Thoothukudi', 'thoothukudi', 28, 109, 0, '', '', '', 1),
(478, '2012-12-17 08:59:57', '2012-12-17 08:59:57', '\nTiruchirappalli', 'tiruchirappalli', 28, 109, 0, '', '', '', 1),
(479, '2012-12-17 08:59:57', '2012-12-17 08:59:57', 'Tirunelveli', 'tirunelveli', 28, 109, 0, '', '', '', 1),
(480, '2012-12-17 08:59:57', '2012-12-17 08:59:57', 'Tiruppur', 'tiruppur', 28, 109, 0, '', '', '', 1),
(481, '2012-12-17 08:59:57', '2012-12-17 08:59:57', 'Tiruvallur', 'tiruvallur', 28, 109, 0, '', '', '', 1),
(482, '2012-12-17 08:59:57', '2012-12-17 08:59:57', 'Tiruvannamalai', 'tiruvannamalai', 28, 109, 0, '', '', '', 1),
(483, '2012-12-17 08:59:57', '2012-12-17 08:59:57', 'Tiruvarur', 'tiruvarur', 28, 109, 0, '', '', '', 1),
(484, '2012-12-17 08:59:57', '2012-12-17 08:59:57', 'Vellor', 'vellor', 28, 109, 0, '', '', '', 1),
(485, '2012-12-17 08:59:57', '2012-12-17 08:59:57', '\nViluppuram', 'viluppuram', 28, 109, 0, '', '', '', 1),
(486, '2012-12-17 08:59:57', '2012-12-17 08:59:57', 'Virudhunaga', 'virudhunaga', 28, 109, 0, '', '', '', 1),
(487, '2012-12-17 08:59:57', '2012-12-17 08:59:57', 'Dhalai', 'dhalai', 29, 109, 0, '', '', '', 1),
(488, '2012-12-17 08:59:57', '2012-12-17 08:59:57', 'North Tripura', 'north-tripura', 29, 109, 0, '', '', '', 1);
INSERT INTO `cities` (`id`, `created`, `modified`, `name`, `slug`, `state_id`, `country_id`, `user_count`, `code`, `latitude`, `longtitude`, `is_active`) VALUES
(489, '2012-12-17 08:59:57', '2012-12-17 08:59:57', 'South Tripura', 'south-tripura', 29, 109, 0, '', '', '', 1),
(490, '2012-12-17 08:59:57', '2012-12-17 08:59:57', 'West Tripura', 'west-tripura', 29, 109, 0, '', '', '', 1),
(491, '2012-12-17 08:59:57', '2012-12-17 08:59:57', 'Agra', 'agra', 30, 109, 0, '', '', '', 1),
(492, '2012-12-17 08:59:57', '2012-12-17 08:59:57', 'Aligarh', 'aligarh', 30, 109, 0, '', '', '', 1),
(493, '2012-12-17 08:59:57', '2012-12-17 08:59:57', 'Allahabad', 'allahabad', 30, 109, 0, '', '', '', 1),
(494, '2012-12-17 08:59:57', '2012-12-17 08:59:57', 'Ambedkar Nagar', 'ambedkar-nagar', 30, 109, 0, '', '', '', 1),
(495, '2012-12-17 08:59:57', '2012-12-17 08:59:57', 'Auraiya', 'auraiya', 30, 109, 0, '', '', '', 1),
(496, '2012-12-17 08:59:57', '2012-12-17 08:59:57', 'Azamgarh', 'azamgarh', 30, 109, 0, '', '', '', 1),
(497, '2012-12-17 08:59:57', '2012-12-17 08:59:57', 'Bagpat', 'bagpat', 30, 109, 0, '', '', '', 1),
(498, '2012-12-17 08:59:57', '2012-12-17 08:59:57', '\nBahraich', 'bahraich', 30, 109, 0, '', '', '', 1),
(499, '2012-12-17 08:59:57', '2012-12-17 08:59:57', 'Ballia', 'ballia', 30, 109, 0, '', '', '', 1),
(500, '2012-12-17 08:59:57', '2012-12-17 08:59:57', 'Balrampur', 'balrampur', 30, 109, 0, '', '', '', 1),
(501, '2012-12-17 08:59:57', '2012-12-17 08:59:57', 'Banda', 'banda', 30, 109, 0, '', '', '', 1),
(502, '2012-12-17 08:59:57', '2012-12-17 08:59:57', 'Barabanki', 'barabanki', 30, 109, 0, '', '', '', 1),
(503, '2012-12-17 08:59:57', '2012-12-17 08:59:57', 'Bareilly', 'bareilly', 30, 109, 0, '', '', '', 1),
(504, '2012-12-17 08:59:57', '2012-12-17 08:59:57', 'Basti', 'basti', 30, 109, 0, '', '', '', 1),
(505, '2012-12-17 08:59:57', '2012-12-17 08:59:57', 'Bijno', 'bijno', 30, 109, 0, '', '', '', 1),
(506, '2012-12-17 08:59:57', '2012-12-17 08:59:57', 'Budaun', 'budaun', 30, 109, 0, '', '', '', 1),
(507, '2012-12-17 08:59:57', '2012-12-17 08:59:57', 'Bulandshahar', 'bulandshahar', 30, 109, 0, '', '', '', 1),
(508, '2012-12-17 08:59:57', '2012-12-17 08:59:57', '\nChandauli', 'chandauli', 30, 109, 0, '', '', '', 1),
(509, '2012-12-17 08:59:57', '2012-12-17 08:59:57', 'Chitrakoot', 'chitrakoot', 30, 109, 0, '', '', '', 1),
(510, '2012-12-17 08:59:57', '2012-12-17 08:59:57', 'Deoria', 'deoria', 30, 109, 0, '', '', '', 1),
(511, '2012-12-17 08:59:57', '2012-12-17 08:59:57', 'Etah', 'etah', 30, 109, 0, '', '', '', 1),
(512, '2012-12-17 08:59:57', '2012-12-17 08:59:57', 'Etawah', 'etawah', 30, 109, 0, '', '', '', 1),
(513, '2012-12-17 08:59:57', '2012-12-17 08:59:57', 'Faizabad', 'faizabad', 30, 109, 0, '', '', '', 1),
(514, '2012-12-17 08:59:57', '2012-12-17 08:59:57', 'Farrukhabad', 'farrukhabad', 30, 109, 0, '', '', '', 1),
(515, '2012-12-17 08:59:57', '2012-12-17 08:59:57', 'Fatehpur', 'fatehpur', 30, 109, 0, '', '', '', 1),
(516, '2012-12-17 08:59:57', '2012-12-17 08:59:57', 'Firozabad', 'firozabad', 30, 109, 0, '', '', '', 1),
(517, '2012-12-17 08:59:57', '2012-12-17 08:59:57', '\nGautam Buddha Nagar', 'gautam-buddha-nagar', 30, 109, 0, '', '', '', 1),
(518, '2012-12-17 08:59:57', '2012-12-17 08:59:57', 'Ghaziabad', 'ghaziabad', 30, 109, 0, '', '', '', 1),
(519, '2012-12-17 08:59:57', '2012-12-17 08:59:57', 'Ghazipur', 'ghazipur', 30, 109, 0, '', '', '', 1),
(520, '2012-12-17 08:59:57', '2012-12-17 08:59:57', 'Gonda', 'gonda', 30, 109, 0, '', '', '', 1),
(521, '2012-12-17 08:59:57', '2012-12-17 08:59:57', 'Gorakhpur', 'gorakhpur', 30, 109, 0, '', '', '', 1),
(522, '2012-12-17 08:59:57', '2012-12-17 08:59:57', 'Hamirpur', 'hamirpur-1', 30, 109, 0, '', '', '', 1),
(523, '2012-12-17 08:59:57', '2012-12-17 08:59:57', 'Hardoi', 'hardoi', 30, 109, 0, '', '', '', 1),
(524, '2012-12-17 08:59:57', '2012-12-17 08:59:57', 'Hathras', 'hathras', 30, 109, 0, '', '', '', 1),
(525, '2012-12-17 08:59:57', '2012-12-17 08:59:57', 'Jalaun', 'jalaun', 30, 109, 0, '', '', '', 1),
(526, '2012-12-17 08:59:57', '2012-12-17 08:59:57', '	\nJaunpur', 'jaunpur', 30, 109, 0, '', '', '', 1),
(527, '2012-12-17 08:59:57', '2012-12-17 08:59:57', 'Jhansi', 'jhansi', 30, 109, 0, '', '', '', 1),
(528, '2012-12-17 08:59:57', '2012-12-17 08:59:57', 'Jyotiba', 'jyotiba', 30, 109, 0, '', '', '', 1),
(529, '2012-12-17 08:59:57', '2012-12-17 08:59:57', 'Phule Nagar', 'phule-nagar', 30, 109, 0, '', '', '', 1),
(530, '2012-12-17 08:59:57', '2012-12-17 08:59:57', 'Kannauj', 'kannauj', 30, 109, 0, '', '', '', 1),
(531, '2012-12-17 08:59:57', '2012-12-17 08:59:57', 'Kanpur', 'kanpur', 30, 109, 0, '', '', '', 1),
(532, '2012-12-17 08:59:57', '2012-12-17 08:59:57', ' Dehat', 'dehat', 30, 109, 0, '', '', '', 1),
(533, '2012-12-17 08:59:57', '2012-12-17 08:59:57', 'Kanpur Nagar', 'kanpur-nagar', 30, 109, 0, '', '', '', 1),
(534, '2012-12-17 08:59:57', '2012-12-17 08:59:57', 'Kanshiramnagar', 'kanshiramnagar', 30, 109, 0, '', '', '', 1),
(535, '2012-12-17 08:59:57', '2012-12-17 08:59:57', '\nKaushambi', 'kaushambi', 30, 109, 0, '', '', '', 1),
(536, '2012-12-17 08:59:57', '2012-12-17 08:59:57', 'Kheri', 'kheri', 30, 109, 0, '', '', '', 1),
(537, '2012-12-17 08:59:57', '2012-12-17 08:59:57', 'Kushinagar', 'kushinagar', 30, 109, 0, '', '', '', 1),
(538, '2012-12-17 08:59:57', '2012-12-17 08:59:57', 'Lalitpur', 'lalitpur', 30, 109, 0, '', '', '', 1),
(539, '2012-12-17 08:59:57', '2012-12-17 08:59:57', 'Lucknow', 'lucknow', 30, 109, 0, '', '', '', 1),
(540, '2012-12-17 08:59:57', '2012-12-17 08:59:57', 'Maharajganj', 'maharajganj', 30, 109, 0, '', '', '', 1),
(541, '2012-12-17 08:59:57', '2012-12-17 08:59:57', 'Mahoba', 'mahoba', 30, 109, 0, '', '', '', 1),
(542, '2012-12-17 08:59:57', '2012-12-17 08:59:57', 'Mainpuri', 'mainpuri', 30, 109, 0, '', '', '', 1),
(543, '2012-12-17 08:59:57', '2012-12-17 08:59:57', 'Mathura', 'mathura', 30, 109, 0, '', '', '', 1),
(544, '2012-12-17 08:59:57', '2012-12-17 08:59:57', 'Mau', 'mau', 30, 109, 0, '', '', '', 1),
(545, '2012-12-17 08:59:57', '2012-12-17 08:59:57', 'Meerut', 'meerut', 30, 109, 0, '', '', '', 1),
(546, '2012-12-17 08:59:57', '2012-12-17 08:59:57', '\nMirzapur', 'mirzapur', 30, 109, 0, '', '', '', 1),
(547, '2012-12-17 08:59:57', '2012-12-17 08:59:57', 'Moradabad', 'moradabad', 30, 109, 0, '', '', '', 1),
(548, '2012-12-17 08:59:57', '2012-12-17 08:59:57', 'Muzaffarnagar', 'muzaffarnagar', 30, 109, 0, '', '', '', 1),
(549, '2012-12-17 08:59:57', '2012-12-17 08:59:57', 'Pilibhit', 'pilibhit', 30, 109, 0, '', '', '', 1),
(550, '2012-12-17 08:59:57', '2012-12-17 08:59:57', 'Pratapgarh', 'pratapgarh-1', 30, 109, 0, '', '', '', 1),
(551, '2012-12-17 08:59:57', '2012-12-17 08:59:57', 'RaeBareli', 'raebareli', 30, 109, 0, '', '', '', 1),
(552, '2012-12-17 08:59:57', '2012-12-17 08:59:57', 'Rampur', 'rampur', 30, 109, 0, '', '', '', 1),
(553, '2012-12-17 08:59:57', '2012-12-17 08:59:57', 'Saharanpur', 'saharanpur', 30, 109, 0, '', '', '', 1),
(554, '2012-12-17 08:59:57', '2012-12-17 08:59:57', 'Sant Kabir Nagar', 'sant-kabir-nagar', 30, 109, 0, '', '', '', 1),
(555, '2012-12-17 08:59:57', '2012-12-17 08:59:57', '\nSant Ravidas Nagar', 'sant-ravidas-nagar', 30, 109, 0, '', '', '', 1),
(556, '2012-12-17 08:59:57', '2012-12-17 08:59:57', 'Shahjahanpur', 'shahjahanpur', 30, 109, 0, '', '', '', 1),
(557, '2012-12-17 08:59:57', '2012-12-17 08:59:57', 'Shravasti', 'shravasti', 30, 109, 0, '', '', '', 1),
(558, '2012-12-17 08:59:57', '2012-12-17 08:59:57', 'Siddharthnagar', 'siddharthnagar', 30, 109, 0, '', '', '', 1),
(559, '2012-12-17 08:59:57', '2012-12-17 08:59:57', 'Sitapur', 'sitapur', 30, 109, 0, '', '', '', 1),
(560, '2012-12-17 08:59:57', '2012-12-17 08:59:57', 'Sonbhadra', 'sonbhadra', 30, 109, 0, '', '', '', 1),
(561, '2012-12-17 08:59:57', '2012-12-17 08:59:57', 'Sultanpur', 'sultanpur', 30, 109, 0, '', '', '', 1),
(562, '2012-12-17 08:59:57', '2012-12-17 08:59:57', '\nUnnao', 'unnao', 30, 109, 0, '', '', '', 1),
(563, '2012-12-17 08:59:57', '2012-12-17 08:59:57', 'Varanasi', 'varanasi', 30, 109, 0, '', '', '', 1),
(564, '2012-12-17 08:59:57', '2012-12-17 08:59:57', 'Almora', 'almora', 31, 109, 0, '', '', '', 1),
(565, '2012-12-17 08:59:57', '2012-12-17 08:59:57', 'Bageshwar', 'bageshwar', 31, 109, 0, '', '', '', 1),
(566, '2012-12-17 08:59:57', '2012-12-17 08:59:57', 'Chamoli', 'chamoli', 31, 109, 0, '', '', '', 1),
(567, '2012-12-17 08:59:58', '2012-12-17 08:59:58', 'Champawat', 'champawat', 31, 109, 0, '', '', '', 1),
(568, '2012-12-17 08:59:58', '2012-12-17 08:59:58', 'Dehradun', 'dehradun', 31, 109, 0, '', '', '', 1),
(569, '2012-12-17 08:59:58', '2012-12-17 08:59:58', 'Haridwar', 'haridwar', 31, 109, 0, '', '', '', 1),
(570, '2012-12-17 08:59:58', '2012-12-17 08:59:58', 'Nainital', 'nainital', 31, 109, 0, '', '', '', 1),
(571, '2012-12-17 08:59:58', '2012-12-17 08:59:58', '\nPauri Garhwal', 'pauri-garhwal', 31, 109, 0, '', '', '', 1),
(572, '2012-12-17 08:59:58', '2012-12-17 08:59:58', 'Pithoragarh', 'pithoragarh', 31, 109, 0, '', '', '', 1),
(573, '2012-12-17 08:59:58', '2012-12-17 08:59:58', 'Rudraprayag', 'rudraprayag', 31, 109, 0, '', '', '', 1),
(574, '2012-12-17 08:59:58', '2012-12-17 08:59:58', 'Tehri Garhwal', 'tehri-garhwal', 31, 109, 0, '', '', '', 1),
(575, '2012-12-17 08:59:58', '2012-12-17 08:59:58', 'Udham Singh Nagar', 'udham-singh-nagar', 31, 109, 0, '', '', '', 1),
(576, '2012-12-17 08:59:58', '2012-12-17 08:59:58', 'Uttarkashi', 'uttarkashi', 31, 109, 0, '', '', '', 1),
(577, '2012-12-17 08:59:58', '2012-12-17 08:59:58', 'Bankura', 'bankura', 32, 109, 0, '', '', '', 1),
(578, '2012-12-17 08:59:58', '2012-12-17 08:59:58', 'Bardhaman', 'bardhaman', 32, 109, 0, '', '', '', 1),
(579, '2012-12-17 08:59:58', '2012-12-17 08:59:58', '\nBirbhum', 'birbhum', 32, 109, 0, '', '', '', 1),
(580, '2012-12-17 08:59:58', '2012-12-17 08:59:58', 'Cooch Behar', 'cooch-behar', 32, 109, 0, '', '', '', 1),
(581, '2012-12-17 08:59:58', '2012-12-17 08:59:58', 'Darjeeling', 'darjeeling', 32, 109, 0, '', '', '', 1),
(582, '2012-12-17 08:59:58', '2012-12-17 08:59:58', 'East Medinipur', 'east-medinipur', 32, 109, 0, '', '', '', 1),
(583, '2012-12-17 08:59:58', '2012-12-17 08:59:58', 'Hooghly', 'hooghly', 32, 109, 0, '', '', '', 1),
(584, '2012-12-17 08:59:58', '2012-12-17 08:59:58', '\nHowrah', 'howrah', 32, 109, 0, '', '', '', 1),
(585, '2012-12-17 08:59:58', '2012-12-17 08:59:58', 'Jalpaiguri', 'jalpaiguri', 32, 109, 0, '', '', '', 1),
(586, '2012-12-17 08:59:58', '2012-12-17 08:59:58', 'Malda', 'malda', 32, 109, 0, '', '', '', 1),
(587, '2012-12-17 08:59:58', '2012-12-17 08:59:58', 'Murshidabad', 'murshidabad', 32, 109, 0, '', '', '', 1),
(588, '2012-12-17 08:59:58', '2012-12-17 08:59:58', 'Nadia', 'nadia', 32, 109, 0, '', '', '', 1),
(589, '2012-12-17 08:59:58', '2012-12-17 08:59:58', 'North 24 Parganas', 'north-24-parganas', 32, 109, 0, '', '', '', 1),
(590, '2012-12-17 08:59:58', '2012-12-17 08:59:58', 'North Dinajpur', 'north-dinajpur', 32, 109, 0, '', '', '', 1),
(591, '2012-12-17 08:59:58', '2012-12-17 08:59:58', 'Purulia', 'purulia', 32, 109, 0, '', '', '', 1),
(592, '2012-12-17 08:59:58', '2012-12-17 08:59:58', '\nSouth 24 Parganas', 'south-24-parganas', 32, 109, 0, '', '', '', 1),
(593, '2012-12-17 08:59:58', '2012-12-17 08:59:58', 'South Dinajpur', 'south-dinajpur', 32, 109, 0, '', '', '', 1),
(594, '2012-12-17 08:59:58', '2012-12-17 08:59:58', 'West Medinipur', 'west-medinipur', 32, 109, 0, '', '', '', 1);

-- --------------------------------------------------------

--
-- Table structure for table `countries`
--

DROP TABLE IF EXISTS `countries`;
CREATE TABLE `countries` (
  `id` int(11) NOT NULL,
  `iso` char(2) NOT NULL,
  `iso2` varchar(2) NOT NULL,
  `name` varchar(80) NOT NULL,
  `title` varchar(80) NOT NULL,
  `iso3` char(3) DEFAULT NULL,
  `numcode` smallint(6) DEFAULT NULL,
  `phonecode` int(5) NOT NULL,
  `is_active` tinyint(1) NOT NULL,
  `is_delete` tinyint(1) NOT NULL
) ENGINE=MyISAM DEFAULT CHARSET=latin1;

--
-- Dumping data for table `countries`
--

INSERT INTO `countries` (`id`, `iso`, `iso2`, `name`, `title`, `iso3`, `numcode`, `phonecode`, `is_active`, `is_delete`) VALUES
(1, 'AF', 'AF', 'AFGHANISTAN', 'Afghanistan', 'AFG', 4, 93, 1, 0),
(2, 'AL', 'AL', 'ALBANIA', 'Albania', 'ALB', 8, 355, 1, 0),
(3, 'DZ', 'DZ', 'ALGERIA', 'Algeria', 'DZA', 12, 213, 1, 0),
(4, 'AS', 'AS', 'AMERICAN SAMOA', 'American Samoa', 'ASM', 16, 1684, 1, 0),
(5, 'AD', 'AD', 'ANDORRA', 'Andorra', 'AND', 20, 376, 1, 0),
(6, 'AO', 'AO', 'ANGOLA', 'Angola', 'AGO', 24, 244, 1, 0),
(7, 'AI', 'AI', 'ANGUILLA', 'Anguilla', 'AIA', 660, 1264, 1, 0),
(8, 'AQ', 'AQ', 'ANTARCTICA', 'Antarctica', NULL, NULL, 0, 1, 0),
(9, 'AG', 'AG', 'ANTIGUA AND BARBUDA', 'Antigua and Barbuda', 'ATG', 28, 1268, 1, 0),
(10, 'AR', 'AR', 'ARGENTINA', 'Argentina', 'ARG', 32, 54, 1, 0),
(11, 'AM', 'AM', 'ARMENIA', 'Armenia', 'ARM', 51, 374, 1, 0),
(12, 'AW', 'AW', 'ARUBA', 'Aruba', 'ABW', 533, 297, 1, 0),
(13, 'AU', 'AU', 'AUSTRALIA', 'Australia', 'AUS', 36, 61, 1, 0),
(14, 'AT', 'AT', 'AUSTRIA', 'Austria', 'AUT', 40, 43, 1, 0),
(15, 'AZ', 'AZ', 'AZERBAIJAN', 'Azerbaijan', 'AZE', 31, 994, 1, 0),
(16, 'BS', 'BS', 'BAHAMAS', 'Bahamas', 'BHS', 44, 1242, 1, 0),
(17, 'BH', 'BH', 'BAHRAIN', 'Bahrain', 'BHR', 48, 973, 1, 0),
(18, 'BD', 'BD', 'BANGLADESH', 'Bangladesh', 'BGD', 50, 880, 1, 0),
(19, 'BB', 'BB', 'BARBADOS', 'Barbados', 'BRB', 52, 1246, 1, 0),
(20, 'BY', 'BY', 'BELARUS', 'Belarus', 'BLR', 112, 375, 1, 0),
(21, 'BE', 'BE', 'BELGIUM', 'Belgium', 'BEL', 56, 32, 1, 0),
(22, 'BZ', 'BZ', 'BELIZE', 'Belize', 'BLZ', 84, 501, 1, 0),
(23, 'BJ', 'BJ', 'BENIN', 'Benin', 'BEN', 204, 229, 1, 0),
(24, 'BM', 'BM', 'BERMUDA', 'Bermuda', 'BMU', 60, 1441, 1, 0),
(25, 'BT', 'BT', 'BHUTAN', 'Bhutan', 'BTN', 64, 975, 1, 0),
(26, 'BO', 'BO', 'BOLIVIA', 'Bolivia', 'BOL', 68, 591, 1, 0),
(27, 'BA', 'BA', 'BOSNIA AND HERZEGOVINA', 'Bosnia and Herzegovina', 'BIH', 70, 387, 1, 0),
(28, 'BW', 'BW', 'BOTSWANA', 'Botswana', 'BWA', 72, 267, 1, 0),
(29, 'BV', 'BV', 'BOUVET ISLAND', 'Bouvet Island', NULL, NULL, 0, 1, 0),
(30, 'BR', 'BR', 'BRAZIL', 'Brazil', 'BRA', 76, 55, 1, 0),
(31, 'IO', 'IO', 'BRITISH INDIAN OCEAN TERRITORY', 'British Indian Ocean Territory', NULL, NULL, 246, 1, 0),
(32, 'BN', 'BN', 'BRUNEI DARUSSALAM', 'Brunei Darussalam', 'BRN', 96, 673, 1, 0),
(33, 'BG', 'BG', 'BULGARIA', 'Bulgaria', 'BGR', 100, 359, 1, 0),
(34, 'BF', 'BF', 'BURKINA FASO', 'Burkina Faso', 'BFA', 854, 226, 1, 0),
(35, 'BI', 'BI', 'BURUNDI', 'Burundi', 'BDI', 108, 257, 1, 0),
(36, 'KH', 'KH', 'CAMBODIA', 'Cambodia', 'KHM', 116, 855, 1, 0),
(37, 'CM', 'CM', 'CAMEROON', 'Cameroon', 'CMR', 120, 237, 1, 0),
(38, 'CA', 'CA', 'CANADA', 'Canada', 'CAN', 124, 1, 1, 0),
(39, 'CV', 'CV', 'CAPE VERDE', 'Cape Verde', 'CPV', 132, 238, 1, 0),
(40, 'KY', 'KY', 'CAYMAN ISLANDS', 'Cayman Islands', 'CYM', 136, 1345, 1, 0),
(41, 'CF', 'CF', 'CENTRAL AFRICAN REPUBLIC', 'Central African Republic', 'CAF', 140, 236, 1, 0),
(42, 'TD', 'TD', 'CHAD', 'Chad', 'TCD', 148, 235, 1, 0),
(43, 'CL', 'CL', 'CHILE', 'Chile', 'CHL', 152, 56, 1, 0),
(44, 'CN', 'CN', 'CHINA', 'China', 'CHN', 156, 86, 1, 0),
(45, 'CX', 'CX', 'CHRISTMAS ISLAND', 'Christmas Island', NULL, NULL, 61, 1, 0),
(46, 'CC', 'CC', 'COCOS (KEELING) ISLANDS', 'Cocos (Keeling) Islands', NULL, NULL, 672, 1, 0),
(47, 'CO', 'CO', 'COLOMBIA', 'Colombia', 'COL', 170, 57, 1, 0),
(48, 'KM', 'KM', 'COMOROS', 'Comoros', 'COM', 174, 269, 1, 0),
(49, 'CG', 'CG', 'CONGO', 'Congo', 'COG', 178, 242, 1, 0),
(50, 'CD', 'CD', 'CONGO, THE DEMOCRATIC REPUBLIC OF THE', 'Congo, the Democratic Republic of the', 'COD', 180, 243, 1, 0),
(51, 'CK', 'CK', 'COOK ISLANDS', 'Cook Islands', 'COK', 184, 682, 1, 0),
(52, 'CR', 'CR', 'COSTA RICA', 'Costa Rica', 'CRI', 188, 506, 1, 0),
(53, 'CI', 'CI', 'COTE D''IVOIRE', 'Cote D''Ivoire', 'CIV', 384, 225, 1, 0),
(54, 'HR', 'HR', 'CROATIA', 'Croatia', 'HRV', 191, 385, 1, 0),
(55, 'CU', 'CU', 'CUBA', 'Cuba', 'CUB', 192, 53, 1, 0),
(56, 'CY', 'CY', 'CYPRUS', 'Cyprus', 'CYP', 196, 357, 1, 0),
(57, 'CZ', 'CZ', 'CZECH REPUBLIC', 'Czech Republic', 'CZE', 203, 420, 1, 0),
(58, 'DK', 'DK', 'DENMARK', 'Denmark', 'DNK', 208, 45, 1, 0),
(59, 'DJ', 'DJ', 'DJIBOUTI', 'Djibouti', 'DJI', 262, 253, 1, 0),
(60, 'DM', 'DM', 'DOMINICA', 'Dominica', 'DMA', 212, 1767, 1, 0),
(61, 'DO', 'DO', 'DOMINICAN REPUBLIC', 'Dominican Republic', 'DOM', 214, 1809, 1, 0),
(62, 'EC', 'EC', 'ECUADOR', 'Ecuador', 'ECU', 218, 593, 1, 0),
(63, 'EG', 'EG', 'EGYPT', 'Egypt', 'EGY', 818, 20, 1, 0),
(64, 'SV', 'SV', 'EL SALVADOR', 'El Salvador', 'SLV', 222, 503, 1, 0),
(65, 'GQ', 'GQ', 'EQUATORIAL GUINEA', 'Equatorial Guinea', 'GNQ', 226, 240, 1, 0),
(66, 'ER', 'ER', 'ERITREA', 'Eritrea', 'ERI', 232, 291, 1, 0),
(67, 'EE', 'EE', 'ESTONIA', 'Estonia', 'EST', 233, 372, 1, 0),
(68, 'ET', 'ET', 'ETHIOPIA', 'Ethiopia', 'ETH', 231, 251, 1, 0),
(69, 'FK', 'FK', 'FALKLAND ISLANDS (MALVINAS)', 'Falkland Islands (Malvinas)', 'FLK', 238, 500, 1, 0),
(70, 'FO', 'FO', 'FAROE ISLANDS', 'Faroe Islands', 'FRO', 234, 298, 1, 0),
(71, 'FJ', 'FJ', 'FIJI', 'Fiji', 'FJI', 242, 679, 1, 0),
(72, 'FI', 'FI', 'FINLAND', 'Finland', 'FIN', 246, 358, 1, 0),
(73, 'FR', 'FR', 'FRANCE', 'France', 'FRA', 250, 33, 1, 0),
(74, 'GF', 'GF', 'FRENCH GUIANA', 'French Guiana', 'GUF', 254, 594, 1, 0),
(75, 'PF', 'PF', 'FRENCH POLYNESIA', 'French Polynesia', 'PYF', 258, 689, 1, 0),
(76, 'TF', 'TF', 'FRENCH SOUTHERN TERRITORIES', 'French Southern Territories', NULL, NULL, 0, 0, 1),
(77, 'GA', 'GA', 'GABON', 'Gabon', 'GAB', 266, 241, 1, 0),
(78, 'GM', 'GM', 'GAMBIA', 'Gambia', 'GMB', 270, 220, 1, 0),
(79, 'GE', 'GE', 'GEORGIA', 'Georgia', 'GEO', 268, 995, 1, 0),
(80, 'DE', 'DE', 'GERMANY', 'Germany', 'DEU', 276, 49, 1, 0),
(81, 'GH', 'GH', 'GHANA', 'Ghana', 'GHA', 288, 233, 1, 0),
(82, 'GI', 'GI', 'GIBRALTAR', 'Gibraltar', 'GIB', 292, 350, 1, 0),
(83, 'GR', 'GR', 'GREECE', 'Greece', 'GRC', 300, 30, 1, 0),
(84, 'GL', 'GL', 'GREENLAND', 'Greenland', 'GRL', 304, 299, 1, 0),
(85, 'GD', 'GD', 'GRENADA', 'Grenada', 'GRD', 308, 1473, 1, 0),
(86, 'GP', 'GP', 'GUADELOUPE', 'Guadeloupe', 'GLP', 312, 590, 1, 0),
(87, 'GU', 'GU', 'GUAM', 'Guam', 'GUM', 316, 1671, 1, 0),
(88, 'GT', 'GT', 'GUATEMALA', 'Guatemala', 'GTM', 320, 502, 1, 0),
(89, 'GN', 'GN', 'GUINEA', 'Guinea', 'GIN', 324, 224, 1, 0),
(90, 'GW', 'GW', 'GUINEA-BISSAU', 'Guinea-Bissau', 'GNB', 624, 245, 1, 0),
(91, 'GY', 'GY', 'GUYANA', 'Guyana', 'GUY', 328, 592, 1, 0),
(92, 'HT', 'HT', 'HAITI', 'Haiti', 'HTI', 332, 509, 1, 0),
(93, 'HM', 'HM', 'HEARD ISLAND AND MCDONALD ISLANDS', 'Heard Island and Mcdonald Islands', NULL, NULL, 0, 0, 1),
(94, 'VA', 'VA', 'HOLY SEE (VATICAN CITY STATE)', 'Holy See (Vatican City State)', 'VAT', 336, 39, 1, 0),
(95, 'HN', 'HN', 'HONDURAS', 'Honduras', 'HND', 340, 504, 1, 0),
(96, 'HK', 'HK', 'HONG KONG', 'Hong Kong', 'HKG', 344, 852, 1, 0),
(97, 'HU', 'HU', 'HUNGARY', 'Hungary', 'HUN', 348, 36, 1, 0),
(98, 'IS', 'IS', 'ICELAND', 'Iceland', 'ISL', 352, 354, 1, 0),
(100, 'ID', 'ID', 'INDONESIA', 'Indonesia', 'IDN', 360, 62, 1, 0),
(101, 'IR', 'IR', 'IRAN, ISLAMIC REPUBLIC OF', 'Iran, Islamic Republic of', 'IRN', 364, 98, 1, 0),
(102, 'IQ', 'IQ', 'IRAQ', 'Iraq', 'IRQ', 368, 964, 1, 0),
(103, 'IE', 'IE', 'IRELAND', 'Ireland', 'IRL', 372, 353, 1, 0),
(104, 'IL', 'IL', 'ISRAEL', 'Israel', 'ISR', 376, 972, 1, 0),
(105, 'IT', 'IT', 'ITALY', 'Italy', 'ITA', 380, 39, 1, 0),
(109, 'IN', 'IN', 'INDIA', 'India', 'IND', 356, 91, 1, 0),
(106, 'JM', 'JM', 'JAMAICA', 'Jamaica', 'JAM', 388, 1876, 1, 0),
(107, 'JP', 'JP', 'JAPAN', 'Japan', 'JPN', 392, 81, 1, 0),
(108, 'JO', 'JO', 'JORDAN', 'Jordan', 'JOR', 400, 962, 1, 0),
(99, 'KZ', 'KZ', 'KAZAKHSTAN', 'Kazakhstan', 'KAZ', 398, 7, 1, 0),
(110, 'KE', 'KE', 'KENYA', 'Kenya', 'KEN', 404, 254, 1, 0),
(111, 'KI', 'KI', 'KIRIBATI', 'Kiribati', 'KIR', 296, 686, 1, 0),
(112, 'KP', 'KP', 'KOREA, DEMOCRATIC PEOPLE''S REPUBLIC OF', 'Korea, Democratic People''s Republic of', 'PRK', 408, 850, 1, 0),
(113, 'KR', 'KR', 'KOREA, REPUBLIC OF', 'Korea, Republic of', 'KOR', 410, 82, 1, 0),
(114, 'KW', 'KW', 'KUWAIT', 'Kuwait', 'KWT', 414, 965, 1, 0),
(115, 'KG', 'KG', 'KYRGYZSTAN', 'Kyrgyzstan', 'KGZ', 417, 996, 1, 0),
(116, 'LA', 'LA', 'LAO PEOPLE''S DEMOCRATIC REPUBLIC', 'Lao People''s Democratic Republic', 'LAO', 418, 856, 1, 0),
(117, 'LV', 'LV', 'LATVIA', 'Latvia', 'LVA', 428, 371, 1, 0),
(118, 'LB', 'LB', 'LEBANON', 'Lebanon', 'LBN', 422, 961, 1, 0),
(119, 'LS', 'LS', 'LESOTHO', 'Lesotho', 'LSO', 426, 266, 1, 0),
(120, 'LR', 'LR', 'LIBERIA', 'Liberia', 'LBR', 430, 231, 1, 0),
(121, 'LY', 'LY', 'LIBYAN ARAB JAMAHIRIYA', 'Libyan Arab Jamahiriya', 'LBY', 434, 218, 1, 0),
(122, 'LI', 'LI', 'LIECHTENSTEIN', 'Liechtenstein', 'LIE', 438, 423, 1, 0),
(123, 'LT', 'LT', 'LITHUANIA', 'Lithuania', 'LTU', 440, 370, 1, 0),
(124, 'LU', 'LU', 'LUXEMBOURG', 'Luxembourg', 'LUX', 442, 352, 1, 0),
(125, 'MO', 'MO', 'MACAO', 'Macao', 'MAC', 446, 853, 1, 0),
(126, 'MK', 'MK', 'MACEDONIA, THE FORMER YUGOSLAV REPUBLIC OF', 'Macedonia, the Former Yugoslav Republic of', 'MKD', 807, 389, 1, 0),
(127, 'MG', 'MG', 'MADAGASCAR', 'Madagascar', 'MDG', 450, 261, 1, 0),
(128, 'MW', 'MW', 'MALAWI', 'Malawi', 'MWI', 454, 265, 1, 0),
(129, 'MY', 'MY', 'MALAYSIA', 'Malaysia', 'MYS', 458, 60, 1, 0),
(130, 'MV', 'MV', 'MALDIVES', 'Maldives', 'MDV', 462, 960, 1, 0),
(131, 'ML', 'ML', 'MALI', 'Mali', 'MLI', 466, 223, 1, 0),
(132, 'MT', 'MT', 'MALTA', 'Malta', 'MLT', 470, 356, 1, 0),
(133, 'MH', 'MH', 'MARSHALL ISLANDS', 'Marshall Islands', 'MHL', 584, 692, 1, 0),
(134, 'MQ', 'MQ', 'MARTINIQUE', 'Martinique', 'MTQ', 474, 596, 1, 0),
(135, 'MR', 'MR', 'MAURITANIA', 'Mauritania', 'MRT', 478, 222, 1, 0),
(136, 'MU', 'MU', 'MAURITIUS', 'Mauritius', 'MUS', 480, 230, 1, 0),
(137, 'YT', 'YT', 'MAYOTTE', 'Mayotte', NULL, NULL, 269, 1, 0),
(138, 'MX', 'MX', 'MEXICO', 'Mexico', 'MEX', 484, 52, 1, 0),
(139, 'FM', 'FM', 'MICRONESIA, FEDERATED STATES OF', 'Micronesia, Federated States of', 'FSM', 583, 691, 1, 0),
(140, 'MD', 'MD', 'MOLDOVA, REPUBLIC OF', 'Moldova, Republic of', 'MDA', 498, 373, 1, 0),
(141, 'MC', 'MC', 'MONACO', 'Monaco', 'MCO', 492, 377, 1, 0),
(142, 'MN', 'MN', 'MONGOLIA', 'Mongolia', 'MNG', 496, 976, 1, 0),
(143, 'MS', 'MS', 'MONTSERRAT', 'Montserrat', 'MSR', 500, 1664, 1, 0),
(144, 'MA', 'MA', 'MOROCCO', 'Morocco', 'MAR', 504, 212, 1, 0),
(145, 'MZ', 'MZ', 'MOZAMBIQUE', 'Mozambique', 'MOZ', 508, 258, 1, 0),
(146, 'MM', 'MM', 'MYANMAR', 'Myanmar', 'MMR', 104, 95, 1, 0),
(147, 'NA', 'NA', 'NAMIBIA', 'Namibia', 'NAM', 516, 264, 1, 0),
(148, 'NR', 'NR', 'NAURU', 'Nauru', 'NRU', 520, 674, 1, 0),
(149, 'NP', 'NP', 'NEPAL', 'Nepal', 'NPL', 524, 977, 1, 0),
(150, 'NL', 'NL', 'NETHERLANDS', 'Netherlands', 'NLD', 528, 31, 1, 0),
(151, 'AN', 'AN', 'NETHERLANDS ANTILLES', 'Netherlands Antilles', 'ANT', 530, 599, 1, 0),
(152, 'NC', 'NC', 'NEW CALEDONIA', 'New Caledonia', 'NCL', 540, 687, 1, 0),
(153, 'NZ', 'NZ', 'NEW ZEALAND', 'New Zealand', 'NZL', 554, 64, 1, 0),
(154, 'NI', 'NI', 'NICARAGUA', 'Nicaragua', 'NIC', 558, 505, 1, 0),
(155, 'NE', 'NE', 'NIGER', 'Niger', 'NER', 562, 227, 1, 0),
(156, 'NG', 'NG', 'NIGERIA', 'Nigeria', 'NGA', 566, 234, 1, 0),
(157, 'NU', 'NU', 'NIUE', 'Niue', 'NIU', 570, 683, 1, 0),
(158, 'NF', 'NF', 'NORFOLK ISLAND', 'Norfolk Island', 'NFK', 574, 672, 1, 0),
(159, 'MP', 'MP', 'NORTHERN MARIANA ISLANDS', 'Northern Mariana Islands', 'MNP', 580, 1670, 1, 0),
(160, 'NO', 'NO', 'NORWAY', 'Norway', 'NOR', 578, 47, 1, 0),
(161, 'OM', 'OM', 'OMAN', 'Oman', 'OMN', 512, 968, 1, 0),
(162, 'PK', 'PK', 'PAKISTAN', 'Pakistan', 'PAK', 586, 92, 1, 0),
(163, 'PW', 'PW', 'PALAU', 'Palau', 'PLW', 585, 680, 1, 0),
(164, 'PS', 'PS', 'PALESTINIAN TERRITORY, OCCUPIED', 'Palestinian Territory, Occupied', NULL, NULL, 970, 1, 0),
(165, 'PA', 'PA', 'PANAMA', 'Panama', 'PAN', 591, 507, 1, 0),
(166, 'PG', 'PG', 'PAPUA NEW GUINEA', 'Papua New Guinea', 'PNG', 598, 675, 1, 0),
(167, 'PY', 'PY', 'PARAGUAY', 'Paraguay', 'PRY', 600, 595, 1, 0),
(168, 'PE', 'PE', 'PERU', 'Peru', 'PER', 604, 51, 1, 0),
(169, 'PH', 'PH', 'PHILIPPINES', 'Philippines', 'PHL', 608, 63, 1, 0),
(170, 'PN', 'PN', 'PITCAIRN', 'Pitcairn', 'PCN', 612, 0, 1, 0),
(171, 'PL', 'PL', 'POLAND', 'Poland', 'POL', 616, 48, 1, 0),
(172, 'PT', 'PT', 'PORTUGAL', 'Portugal', 'PRT', 620, 351, 1, 0),
(173, 'PR', 'PR', 'PUERTO RICO', 'Puerto Rico', 'PRI', 630, 1787, 1, 0),
(174, 'QA', 'QA', 'QATAR', 'Qatar', 'QAT', 634, 974, 1, 0),
(175, 'RE', 'RE', 'REUNION', 'Reunion', 'REU', 638, 262, 1, 0),
(176, 'RO', 'RO', 'ROMANIA', 'Romania', 'ROM', 642, 40, 1, 0),
(177, 'RU', 'RU', 'RUSSIAN FEDERATION', 'Russian Federation', 'RUS', 643, 7, 1, 0),
(178, 'RW', 'RW', 'RWANDA', 'Rwanda', 'RWA', 646, 250, 1, 0),
(179, 'SH', 'SH', 'SAINT HELENA', 'Saint Helena', 'SHN', 654, 290, 1, 0),
(180, 'KN', 'KN', 'SAINT KITTS AND NEVIS', 'Saint Kitts and Nevis', 'KNA', 659, 1869, 1, 0),
(181, 'LC', 'LC', 'SAINT LUCIA', 'Saint Lucia', 'LCA', 662, 1758, 1, 0),
(182, 'PM', 'PM', 'SAINT PIERRE AND MIQUELON', 'Saint Pierre and Miquelon', 'SPM', 666, 508, 1, 0),
(183, 'VC', 'VC', 'SAINT VINCENT AND THE GRENADINES', 'Saint Vincent and the Grenadines', 'VCT', 670, 1784, 1, 0),
(184, 'WS', 'WS', 'SAMOA', 'Samoa', 'WSM', 882, 684, 1, 0),
(185, 'SM', 'SM', 'SAN MARINO', 'San Marino', 'SMR', 674, 378, 1, 0),
(186, 'ST', 'ST', 'SAO TOME AND PRINCIPE', 'Sao Tome and Principe', 'STP', 678, 239, 1, 0),
(187, 'SA', 'SA', 'SAUDI ARABIA', 'Saudi Arabia', 'SAU', 682, 966, 1, 0),
(188, 'SN', 'SN', 'SENEGAL', 'Senegal', 'SEN', 686, 221, 1, 0),
(190, 'SC', 'SC', 'SEYCHELLES', 'Seychelles', 'SYC', 690, 248, 1, 0),
(191, 'SL', 'SL', 'SIERRA LEONE', 'Sierra Leone', 'SLE', 694, 232, 1, 0),
(192, 'SG', 'SG', 'SINGAPORE', 'Singapore', 'SGP', 702, 65, 1, 0),
(193, 'SK', 'SK', 'SLOVAKIA', 'Slovakia', 'SVK', 703, 421, 1, 0),
(194, 'SI', 'SI', 'SLOVENIA', 'Slovenia', 'SVN', 705, 386, 1, 0),
(195, 'SB', 'SB', 'SOLOMON ISLANDS', 'Solomon Islands', 'SLB', 90, 677, 1, 0),
(196, 'SO', 'SO', 'SOMALIA', 'Somalia', 'SOM', 706, 252, 1, 0),
(197, 'ZA', 'ZA', 'SOUTH AFRICA', 'South Africa', 'ZAF', 710, 27, 1, 0),
(198, 'GS', 'GS', 'SOUTH GEORGIA AND THE SOUTH SANDWICH ISLANDS', 'South Georgia and the South Sandwich Islands', NULL, NULL, 0, 1, 0),
(199, 'ES', 'ES', 'SPAIN', 'Spain', 'ESP', 724, 34, 1, 0),
(200, 'LK', 'LK', 'SRI LANKA', 'Sri Lanka', 'LKA', 144, 94, 1, 0),
(201, 'SD', 'SD', 'SUDAN', 'Sudan', 'SDN', 736, 249, 1, 0),
(202, 'SR', 'SR', 'SURINAME', 'Suriname', 'SUR', 740, 597, 1, 0),
(203, 'SJ', 'SJ', 'SVALBARD AND JAN MAYEN', 'Svalbard and Jan Mayen', 'SJM', 744, 47, 1, 0),
(204, 'SZ', 'SZ', 'SWAZILAND', 'Swaziland', 'SWZ', 748, 268, 1, 0),
(205, 'SE', 'SE', 'SWEDEN', 'Sweden', 'SWE', 752, 46, 1, 0),
(206, 'CH', 'CH', 'SWITZERLAND', 'Switzerland', 'CHE', 756, 41, 1, 0),
(207, 'SY', 'SY', 'SYRIAN ARAB REPUBLIC', 'Syrian Arab Republic', 'SYR', 760, 963, 1, 0),
(208, 'TW', 'TW', 'TAIWAN, PROVINCE OF CHINA', 'Taiwan, Province of China', 'TWN', 158, 886, 1, 0),
(209, 'TJ', 'TJ', 'TAJIKISTAN', 'Tajikistan', 'TJK', 762, 992, 1, 0),
(210, 'TZ', 'TZ', 'TANZANIA, UNITED REPUBLIC OF', 'Tanzania, United Republic of', 'TZA', 834, 255, 1, 0),
(211, 'TH', 'TH', 'THAILAND', 'Thailand', 'THA', 764, 66, 1, 0),
(212, 'TL', 'TL', 'TIMOR-LESTE', 'Timor-Leste', NULL, NULL, 670, 1, 0),
(213, 'TG', 'TG', 'TOGO', 'Togo', 'TGO', 768, 228, 1, 0),
(214, 'TK', 'TK', 'TOKELAU', 'Tokelau', 'TKL', 772, 690, 1, 0),
(215, 'TO', 'TO', 'TONGA', 'Tonga', 'TON', 776, 676, 1, 0),
(216, 'TT', 'TT', 'TRINIDAD AND TOBAGO', 'Trinidad and Tobago', 'TTO', 780, 1868, 1, 0),
(217, 'TN', 'TN', 'TUNISIA', 'Tunisia', 'TUN', 788, 216, 1, 0),
(218, 'TR', 'TR', 'TURKEY', 'Turkey', 'TUR', 792, 90, 1, 0),
(219, 'TM', 'TM', 'TURKMENISTAN', 'Turkmenistan', 'TKM', 795, 7370, 1, 0),
(220, 'TC', 'TC', 'TURKS AND CAICOS ISLANDS', 'Turks and Caicos Islands', 'TCA', 796, 1649, 1, 0),
(221, 'TV', 'TV', 'TUVALU', 'Tuvalu', 'TUV', 798, 688, 1, 0),
(222, 'UG', 'UG', 'UGANDA', 'Uganda', 'UGA', 800, 256, 1, 0),
(223, 'UA', 'UA', 'UKRAINE', 'Ukraine', 'UKR', 804, 380, 1, 0),
(224, 'AE', 'AE', 'UNITED ARAB EMIRATES', 'United Arab Emirates', 'ARE', 784, 971, 1, 0),
(225, 'GB', 'GB', 'UNITED KINGDOM', 'United Kingdom', 'GBR', 826, 44, 1, 0),
(226, 'US', 'US', 'UNITED STATES', 'United States', 'USA', 840, 1, 1, 0),
(227, 'UM', 'UM', 'UNITED STATES MINOR OUTLYING ISLANDS', 'United States Minor Outlying Islands', NULL, NULL, 1, 1, 0),
(228, 'UY', 'UY', 'URUGUAY', 'Uruguay', 'URY', 858, 598, 1, 0),
(229, 'UZ', 'UZ', 'UZBEKISTAN', 'Uzbekistan', 'UZB', 860, 998, 1, 0),
(230, 'VU', 'VU', 'VANUATU', 'Vanuatu', 'VUT', 548, 678, 1, 0),
(231, 'VE', 'VE', 'VENEZUELA', 'Venezuela', 'VEN', 862, 58, 1, 0),
(232, 'VN', 'VN', 'VIET NAM', 'Viet Nam', 'VNM', 704, 84, 1, 0),
(233, 'VG', 'VG', 'VIRGIN ISLANDS, BRITISH', 'Virgin Islands, British', 'VGB', 92, 1284, 1, 0),
(234, 'VI', 'VI', 'VIRGIN ISLANDS, U.S.', 'Virgin Islands, U.s.', 'VIR', 850, 1340, 1, 0),
(235, 'WF', 'WF', 'WALLIS AND FUTUNA', 'Wallis and Futuna', 'WLF', 876, 681, 1, 0),
(236, 'EH', 'EH', 'WESTERN SAHARA', 'Western Sahara', 'ESH', 732, 212, 1, 0),
(237, 'YE', 'YE', 'YEMEN', 'Yemen', 'YEM', 887, 967, 1, 0),
(238, 'ZM', 'ZM', 'ZAMBIA', 'Zambia', 'ZMB', 894, 260, 1, 0),
(239, 'ZW', 'ZW', 'ZIMBABWE', 'Zimbabwe', 'ZWE', 716, 263, 1, 0),
(240, 'RS', 'RS', 'SERBIA', 'Serbia', 'SRB', 688, 381, 1, 0),
(241, 'AP', 'AP', 'ASIA PACIFIC REGION', 'Asia / Pacific Region', '0', 0, 0, 0, 1),
(242, 'ME', 'ME', 'MONTENEGRO', 'Montenegro', 'MNE', 499, 382, 1, 0),
(243, 'AX', 'AX', 'ALAND ISLANDS', 'Aland Islands', 'ALA', 248, 358, 1, 0),
(244, 'BQ', 'BQ', 'BONAIRE, SINT EUSTATIUS AND SABA', 'Bonaire, Sint Eustatius and Saba', 'BES', 535, 599, 1, 0),
(245, 'CW', 'CW', 'CURACAO', 'Curacao', 'CUW', 531, 599, 1, 0),
(246, 'GG', 'GG', 'GUERNSEY', 'Guernsey', 'GGY', 831, 44, 1, 0),
(247, 'IM', 'IM', 'ISLE OF MAN', 'Isle of Man', 'IMN', 833, 44, 1, 0),
(248, 'JE', 'JE', 'JERSEY', 'Jersey', 'JEY', 832, 44, 1, 0),
(249, 'XK', 'XK', 'KOSOVO', 'Kosovo', '---', 0, 381, 1, 0),
(250, 'BL', 'BL', 'SAINT BARTHELEMY', 'Saint Barthelemy', 'BLM', 652, 590, 1, 0),
(251, 'MF', 'MF', 'SAINT MARTIN', 'Saint Martin', 'MAF', 663, 590, 1, 0),
(252, 'SX', 'SX', 'SINT MAARTEN', 'Sint Maarten', 'SXM', 534, 1, 1, 0),
(253, 'SS', 'SS', 'SOUTH SUDAN', 'South Sudan', 'SSD', 728, 211, 1, 0);

-- --------------------------------------------------------

--
-- Table structure for table `default_leftmenus`
--

DROP TABLE IF EXISTS `default_leftmenus`;
CREATE TABLE `default_leftmenus` (
  `id` int(11) NOT NULL,
  `menu_name` varchar(200) NOT NULL,
  `menu_slug` varchar(200) NOT NULL,
  `created_on` datetime NOT NULL,
  `status` tinyint(4) NOT NULL COMMENT '0-Pending,1-Active,2-Ignored,3-Stop,4-Pause'
) ENGINE=InnoDB DEFAULT CHARSET=latin1;

--
-- Dumping data for table `default_leftmenus`
--

INSERT INTO `default_leftmenus` (`id`, `menu_name`, `menu_slug`, `created_on`, `status`) VALUES
(1, 'Users', 'users', '2017-03-08 00:00:00', 1),
(2, 'User Type', 'user-type', '2017-03-08 00:00:00', 1),
(3, 'Departments', 'departments', '2017-03-08 00:00:00', 1),
(4, 'Projects', 'projects', '2017-03-08 00:00:00', 1),
(5, 'Tasks', 'tasks', '2017-03-08 00:00:00', 1),
(6, 'Settings', 'settings', '2017-03-08 00:00:00', 1),
(7, 'Edit Profile', 'edit-profile', '2017-03-08 00:00:00', 1);

-- --------------------------------------------------------

--
-- Table structure for table `departments`
--

DROP TABLE IF EXISTS `departments`;
CREATE TABLE `departments` (
  `id` bigint(20) NOT NULL,
  `name` varchar(200) NOT NULL,
  `slug` varchar(200) NOT NULL,
  `created_on` datetime NOT NULL,
  `updated_on` datetime NOT NULL,
  `created_ip` bigint(20) NOT NULL,
  `status` tinyint(4) NOT NULL COMMENT '0-Pending,1-Active'
) ENGINE=InnoDB DEFAULT CHARSET=latin1;

--
-- Dumping data for table `departments`
--

INSERT INTO `departments` (`id`, `name`, `slug`, `created_on`, `updated_on`, `created_ip`, `status`) VALUES
(1, 'Php', 'php', '2017-03-08 16:05:58', '0000-00-00 00:00:00', 0, 1),
(2, '.NET', 'net', '2017-03-08 16:06:04', '0000-00-00 00:00:00', 0, 1),
(3, 'Design', 'design', '2017-03-08 16:06:10', '0000-00-00 00:00:00', 0, 1),
(4, 'Html', 'html', '2017-03-08 16:06:16', '0000-00-00 00:00:00', 0, 1),
(5, 'SEO', 'seo', '2017-03-08 16:06:22', '0000-00-00 00:00:00', 0, 1),
(6, 'Quality Control', 'quality-control', '2017-03-08 16:06:29', '0000-00-00 00:00:00', 0, 1),
(7, 'Data analyst', 'data-analyst', '2017-03-08 16:06:45', '0000-00-00 00:00:00', 0, 1),
(8, 'Android', 'android', '2017-03-08 16:06:51', '0000-00-00 00:00:00', 0, 1),
(9, 'Ios', 'ios', '2017-03-08 16:07:02', '0000-00-00 00:00:00', 0, 1);

-- --------------------------------------------------------

--
-- Table structure for table `email_setting`
--

DROP TABLE IF EXISTS `email_setting`;
CREATE TABLE `email_setting` (
  `id` int(11) UNSIGNED NOT NULL,
  `created` datetime NOT NULL,
  `from_email` varchar(500) COLLATE utf8_unicode_ci DEFAULT NULL,
  `reply_to` varchar(500) COLLATE utf8_unicode_ci DEFAULT NULL,
  `name` varchar(150) COLLATE utf8_unicode_ci DEFAULT NULL,
  `slug` varchar(100) COLLATE utf8_unicode_ci NOT NULL,
  `subject` varchar(255) COLLATE utf8_unicode_ci DEFAULT NULL,
  `email_content` text COLLATE utf8_unicode_ci,
  `email_variables` varchar(1000) COLLATE utf8_unicode_ci DEFAULT NULL,
  `status` tinyint(4) NOT NULL COMMENT '0-Pending,1-Active'
) ENGINE=MyISAM DEFAULT CHARSET=utf8 COLLATE=utf8_unicode_ci COMMENT='Site Email Templates';

--
-- Dumping data for table `email_setting`
--

INSERT INTO `email_setting` (`id`, `created`, `from_email`, `reply_to`, `name`, `slug`, `subject`, `email_content`, `email_variables`, `status`) VALUES
(1, '2017-03-08 00:00:00', 'ramaiyamani@gmail.com', 'ramaiyamani@gmail.com', 'User Account Activation', 'user-account-activation', 'User Account Activation', '<div style="width:600px; margin:0px; padding:0px; margin:0 auto; border:1px solid #656565;">\r\n<table border="0" cellpadding="0" cellspacing="0" width="600">\r\n	<tbody>\r\n		<tr>\r\n			<td align="center" style=" border-bottom:1px solid #ededed; line-height:1px; font-size:1px; background:#bbbbbb; padding: 8px; text-align: center" valign="top"><a href="[BASEURL]"><img alt="" height="" src="[LOGOURL]" width="" /></a></td>\r\n		</tr>\r\n		<tr>\r\n			<td align="left" style="font:normal 12px Arial, Helvetica, sans-serif; color:#3a3a3a; text-align:justify; line-height:18px; padding:12px 19px 0px 12px;" valign="top">&nbsp;</td>\r\n		</tr>\r\n		<tr>\r\n			<td align="left" style="font:bold 16px Arial, Helvetica, sans-serif; color:#5D5D5D; padding-left:12px;" valign="top">Hello [NAME],</td>\r\n		</tr>\r\n		<tr>\r\n			<td align="left" style="font:normal 12px Arial, Helvetica, sans-serif; color:#3a3a3a; text-align:justify; line-height:18px; padding:12px 19px 0px 12px;" valign="top">\r\n			<p>Activation Link <a href="[ACTIVATIONLINK]" target="_blank">[ACTIVATIONLINK]</a></p>\r\n\r\n			<p>[SITEURL]</p>\r\n			</td>\r\n		</tr>\r\n		<tr>\r\n			<td align="left" style="font:normal 12px Arial, Helvetica, sans-serif; color:#3a3a3a; text-align:justify; line-height:18px; padding:12px 19px 0px 12px;" valign="top">Thanks &amp; Regards,<br />\r\n			Web Site Name - [SITE-TITLE]</td>\r\n		</tr>\r\n		<tr>\r\n			<td align="left" style="font:normal 12px Arial, Helvetica, sans-serif; color:#3a3a3a; text-align:justify; line-height:18px; padding:12px 19px 0px 12px;" valign="top">&nbsp;</td>\r\n		</tr>\r\n		<tr>\r\n			<td align="center" style="font:normal 11px Arial, Helvetica, sans-serif; color:#fff; background:#282828; padding:11px 0px 11px 0px; margin:15px 0px 0px 0px;border-top: 1px solid #0e5da0;" valign="top">[COPY-CONTENT]</td>\r\n		</tr>\r\n	</tbody>\r\n</table>\r\n</div>\r\n\r\n<p>&nbsp;</p>\r\n', '[NAME],[ACTIVATIONLINK], [SITEURL],[SITE-TITLE]', 0),
(2, '2017-03-08 00:00:00', 'ramaiyamani@gmail.com', 'ramaiyamani@gmail.com', 'Forgot Password', 'forgot-password', 'User Forgot Password', '<div style="width:600px; margin:0px; padding:0px; margin:0 auto; border:1px solid #656565;">\r\n<table border="0" cellpadding="0" cellspacing="0" width="600">\r\n	<tbody>\r\n		<tr>\r\n			<td align="center" style=" border-bottom:1px solid #ededed; line-height:1px; font-size:1px; background:#bbbbbb; padding: 8px; text-align: center" valign="top"><a href="[BASEURL]"><img alt="" height="" src="[LOGOURL]" width="" /></a></td>\r\n		</tr>\r\n		<tr>\r\n			<td align="left" style="font:normal 12px Arial, Helvetica, sans-serif; color:#3a3a3a; text-align:justify; line-height:18px; padding:12px 19px 0px 12px;" valign="top">&nbsp;</td>\r\n		</tr>\r\n		<tr>\r\n			<td align="left" style="font:bold 16px Arial, Helvetica, sans-serif; color:#5D5D5D; padding-left:12px;" valign="top">Hello [NAME],</td>\r\n		</tr>\r\n		<tr>\r\n			<td align="left" style="font:normal 12px Arial, Helvetica, sans-serif; color:#3a3a3a; text-align:justify; line-height:18px; padding:12px 19px 0px 12px;" valign="top">\r\n			<p>Forgot Password Link <a href="[LINK]" target="_blank">[LINK]</a></p>\r\n\r\n			<p>[SITEURL]</p>\r\n			</td>\r\n		</tr>\r\n		<tr>\r\n			<td align="left" style="font:normal 12px Arial, Helvetica, sans-serif; color:#3a3a3a; text-align:justify; line-height:18px; padding:12px 19px 0px 12px;" valign="top">Thanks &amp; Regards,<br />\r\n			Web Site Name - [SITE-TITLE]</td>\r\n		</tr>\r\n		<tr>\r\n			<td align="left" style="font:normal 12px Arial, Helvetica, sans-serif; color:#3a3a3a; text-align:justify; line-height:18px; padding:12px 19px 0px 12px;" valign="top">&nbsp;</td>\r\n		</tr>\r\n		<tr>\r\n			<td align="center" style="font:normal 11px Arial, Helvetica, sans-serif; color:#fff; background:#282828; padding:11px 0px 11px 0px; margin:15px 0px 0px 0px;border-top: 1px solid #0e5da0;" valign="top">[COPY-CONTENT]</td>\r\n		</tr>\r\n	</tbody>\r\n</table>\r\n</div>\r\n\r\n<p>&nbsp;</p>\r\n', '[NAME],[LINK], [SITEURL],[SITE-TITLE]', 0);

-- --------------------------------------------------------

--
-- Table structure for table `login_history`
--

DROP TABLE IF EXISTS `login_history`;
CREATE TABLE `login_history` (
  `id` bigint(20) NOT NULL,
  `user_id` bigint(20) NOT NULL COMMENT 'refer from users table',
  `login_time` datetime NOT NULL,
  `logout_time` datetime NOT NULL,
  `login_ip` bigint(20) NOT NULL,
  `status` tinyint(4) NOT NULL COMMENT '0-Pending,1-Active'
) ENGINE=InnoDB DEFAULT CHARSET=latin1;

--
-- Dumping data for table `login_history`
--

INSERT INTO `login_history` (`id`, `user_id`, `login_time`, `logout_time`, `login_ip`, `status`) VALUES
(1, 1, '2017-03-06 12:18:13', '0000-00-00 00:00:00', 0, 0),
(2, 1, '0000-00-00 00:00:00', '2017-03-06 12:43:13', 0, 0),
(3, 1, '2017-03-06 12:44:43', '0000-00-00 00:00:00', 0, 0),
(4, 1, '2017-03-06 15:06:20', '0000-00-00 00:00:00', 0, 0),
(5, 1, '0000-00-00 00:00:00', '2017-03-06 16:12:20', 0, 0),
(6, 1, '2017-03-06 16:12:40', '0000-00-00 00:00:00', 0, 0),
(7, 1, '0000-00-00 00:00:00', '2017-03-06 17:21:34', 0, 0),
(8, 1, '2017-03-06 17:22:05', '0000-00-00 00:00:00', 0, 0),
(9, 1, '0000-00-00 00:00:00', '2017-03-06 19:50:42', 0, 0),
(10, 1, '2017-03-06 19:51:10', '0000-00-00 00:00:00', 0, 0),
(11, 1, '2017-03-07 10:13:18', '0000-00-00 00:00:00', 0, 0),
(12, 1, '2017-03-07 12:05:41', '0000-00-00 00:00:00', 2130706433, 0),
(13, 1, '0000-00-00 00:00:00', '2017-03-07 12:22:20', 0, 0),
(14, 1, '2017-03-07 12:41:34', '0000-00-00 00:00:00', 0, 0),
(15, 1, '0000-00-00 00:00:00', '2017-03-07 12:47:41', 0, 0),
(16, 1, '2017-03-07 12:47:59', '0000-00-00 00:00:00', 0, 0),
(17, 1, '2017-03-08 10:39:27', '0000-00-00 00:00:00', 0, 0),
(18, 1, '0000-00-00 00:00:00', '2017-03-08 12:01:28', 0, 0),
(19, 1, '2017-03-08 12:01:37', '0000-00-00 00:00:00', 0, 0),
(20, 1, '0000-00-00 00:00:00', '2017-03-08 12:41:35', 0, 0),
(21, 1, '2017-03-08 12:42:18', '0000-00-00 00:00:00', 0, 0),
(22, 1, '0000-00-00 00:00:00', '2017-03-08 14:21:19', 0, 0),
(23, 1, '2017-03-08 14:21:29', '0000-00-00 00:00:00', 0, 0),
(24, 1, '0000-00-00 00:00:00', '2017-03-08 14:21:58', 0, 0),
(25, 1, '2017-03-08 14:22:16', '0000-00-00 00:00:00', 0, 0),
(26, 1, '0000-00-00 00:00:00', '2017-03-08 14:44:17', 0, 0),
(27, 1, '2017-03-08 14:44:26', '0000-00-00 00:00:00', 0, 0),
(28, 1, '0000-00-00 00:00:00', '2017-03-08 15:47:17', 0, 0),
(29, 1, '2017-03-08 15:47:27', '0000-00-00 00:00:00', 0, 0),
(30, 1, '0000-00-00 00:00:00', '2017-03-08 15:49:04', 0, 0),
(31, 4, '2017-03-08 15:49:29', '0000-00-00 00:00:00', 0, 0),
(32, 4, '0000-00-00 00:00:00', '2017-03-08 16:08:45', 0, 0),
(33, 1, '2017-03-08 16:09:04', '0000-00-00 00:00:00', 0, 0),
(34, 1, '0000-00-00 00:00:00', '2017-03-08 16:09:12', 0, 0),
(35, 1, '2017-03-08 16:09:17', '0000-00-00 00:00:00', 0, 0),
(36, 1, '0000-00-00 00:00:00', '2017-03-08 16:17:04', 0, 0),
(37, 2, '2017-03-08 16:17:09', '0000-00-00 00:00:00', 0, 0),
(38, 2, '0000-00-00 00:00:00', '2017-03-08 16:17:13', 0, 0),
(39, 1, '2017-03-08 16:17:23', '0000-00-00 00:00:00', 0, 0),
(40, 1, '0000-00-00 00:00:00', '2017-03-08 16:19:24', 0, 0),
(41, 1, '2017-03-08 16:19:49', '0000-00-00 00:00:00', 0, 0),
(42, 1, '2017-03-09 10:38:54', '0000-00-00 00:00:00', 0, 0),
(43, 1, '0000-00-00 00:00:00', '2017-03-09 10:44:23', 0, 0),
(44, 1, '2017-03-09 10:44:30', '0000-00-00 00:00:00', 0, 0),
(45, 1, '0000-00-00 00:00:00', '2017-03-09 10:59:26', 0, 0),
(46, 1, '2017-03-09 10:59:34', '0000-00-00 00:00:00', 0, 0),
(47, 1, '0000-00-00 00:00:00', '2017-03-09 11:05:34', 0, 0),
(48, 1, '2017-03-09 11:05:47', '0000-00-00 00:00:00', 0, 0),
(49, 1, '0000-00-00 00:00:00', '2017-03-09 15:53:52', 0, 0),
(50, 1, '2017-03-09 15:54:01', '0000-00-00 00:00:00', 0, 0),
(51, 1, '0000-00-00 00:00:00', '2017-03-09 17:32:00', 0, 0),
(52, 1, '2017-03-09 17:32:08', '0000-00-00 00:00:00', 0, 0),
(53, 1, '0000-00-00 00:00:00', '2017-03-09 17:32:25', 0, 0),
(54, 1, '2017-03-09 17:32:36', '0000-00-00 00:00:00', 0, 0),
(55, 1, '0000-00-00 00:00:00', '2017-03-09 17:38:11', 0, 0),
(56, 3, '2017-03-09 17:38:16', '0000-00-00 00:00:00', 0, 0),
(57, 3, '0000-00-00 00:00:00', '2017-03-09 19:29:33', 0, 0),
(58, 1, '2017-03-09 19:29:43', '0000-00-00 00:00:00', 0, 0),
(59, 1, '2017-03-10 10:14:10', '0000-00-00 00:00:00', 0, 0),
(60, 1, '0000-00-00 00:00:00', '2017-03-10 10:38:41', 0, 0),
(61, 3, '2017-03-10 10:38:46', '0000-00-00 00:00:00', 0, 0),
(62, 3, '2017-03-10 12:28:16', '0000-00-00 00:00:00', 0, 0),
(63, 3, '0000-00-00 00:00:00', '2017-03-10 12:41:58', 0, 0),
(64, 3, '2017-03-10 12:42:05', '0000-00-00 00:00:00', 0, 0),
(65, 3, '0000-00-00 00:00:00', '2017-03-10 12:43:23', 0, 0),
(66, 1, '2017-03-10 12:43:38', '0000-00-00 00:00:00', 0, 0),
(67, 1, '0000-00-00 00:00:00', '2017-03-10 13:01:17', 0, 0),
(68, 3, '2017-03-10 13:01:24', '0000-00-00 00:00:00', 0, 0),
(69, 3, '0000-00-00 00:00:00', '2017-03-10 17:02:54', 0, 0),
(70, 1, '2017-03-10 17:03:09', '0000-00-00 00:00:00', 0, 0),
(71, 1, '0000-00-00 00:00:00', '2017-03-10 17:05:01', 0, 0),
(72, 3, '2017-03-10 17:05:06', '0000-00-00 00:00:00', 0, 0),
(73, 3, '0000-00-00 00:00:00', '2017-03-10 17:38:53', 0, 0),
(74, 6, '2017-03-10 17:38:58', '0000-00-00 00:00:00', 0, 0),
(75, 6, '0000-00-00 00:00:00', '2017-03-10 17:39:18', 0, 0),
(76, 6, '2017-03-10 17:39:24', '0000-00-00 00:00:00', 0, 0),
(77, 6, '0000-00-00 00:00:00', '2017-03-10 17:39:40', 0, 0),
(78, 6, '2017-03-10 17:39:48', '0000-00-00 00:00:00', 0, 0),
(79, 6, '0000-00-00 00:00:00', '2017-03-10 17:40:32', 0, 0),
(80, 6, '2017-03-10 17:40:38', '0000-00-00 00:00:00', 0, 0),
(81, 6, '0000-00-00 00:00:00', '2017-03-10 18:26:12', 0, 0),
(82, 1, '2017-03-10 18:26:20', '0000-00-00 00:00:00', 0, 0),
(83, 1, '0000-00-00 00:00:00', '2017-03-10 18:28:34', 0, 0),
(84, 6, '2017-03-10 18:28:42', '0000-00-00 00:00:00', 0, 0),
(85, 6, '0000-00-00 00:00:00', '2017-03-10 19:14:54', 0, 0),
(86, 3, '2017-03-10 19:15:05', '0000-00-00 00:00:00', 0, 0),
(87, 3, '0000-00-00 00:00:00', '2017-03-10 20:19:43', 0, 0),
(88, 1, '2017-03-10 20:20:31', '0000-00-00 00:00:00', 0, 0),
(89, 1, '2017-03-11 10:25:18', '0000-00-00 00:00:00', 0, 0),
(90, 1, '0000-00-00 00:00:00', '2017-03-11 10:40:00', 0, 0),
(91, 3, '2017-03-11 10:40:06', '0000-00-00 00:00:00', 0, 0),
(92, 3, '0000-00-00 00:00:00', '2017-03-11 11:26:21', 0, 0),
(93, 1, '2017-03-11 11:26:26', '0000-00-00 00:00:00', 0, 0),
(94, 1, '0000-00-00 00:00:00', '2017-03-11 12:05:17', 0, 0),
(95, 3, '2017-03-11 12:05:23', '0000-00-00 00:00:00', 0, 0),
(96, 3, '0000-00-00 00:00:00', '2017-03-11 12:06:07', 0, 0),
(97, 6, '2017-03-11 12:06:16', '0000-00-00 00:00:00', 0, 0),
(98, 6, '0000-00-00 00:00:00', '2017-03-11 12:31:19', 0, 0),
(99, 1, '2017-03-11 12:37:56', '0000-00-00 00:00:00', 0, 0),
(100, 7, '2017-03-11 12:44:47', '0000-00-00 00:00:00', 2130706433, 0),
(101, 1, '0000-00-00 00:00:00', '2017-03-11 12:53:27', 0, 0),
(102, 1, '2017-03-11 12:58:55', '0000-00-00 00:00:00', 0, 0),
(103, 1, '0000-00-00 00:00:00', '2017-03-11 14:12:27', 0, 0),
(104, 3, '2017-03-11 14:12:40', '0000-00-00 00:00:00', 0, 0),
(105, 3, '0000-00-00 00:00:00', '2017-03-11 14:24:16', 0, 0),
(106, 6, '2017-03-11 14:24:23', '0000-00-00 00:00:00', 0, 0),
(107, 6, '0000-00-00 00:00:00', '2017-03-11 15:40:22', 0, 0),
(108, 3, '2017-03-11 15:40:31', '0000-00-00 00:00:00', 0, 0),
(109, 3, '0000-00-00 00:00:00', '2017-03-11 15:45:57', 0, 0),
(110, 6, '2017-03-11 15:46:04', '0000-00-00 00:00:00', 0, 0),
(111, 6, '0000-00-00 00:00:00', '2017-03-11 16:06:24', 0, 0),
(112, 1, '2017-03-11 16:06:33', '0000-00-00 00:00:00', 0, 0),
(113, 1, '0000-00-00 00:00:00', '2017-03-11 17:10:34', 0, 0),
(114, 3, '2017-03-11 17:10:40', '0000-00-00 00:00:00', 0, 0),
(115, 3, '0000-00-00 00:00:00', '2017-03-11 17:12:19', 0, 0),
(116, 4, '2017-03-11 17:12:23', '0000-00-00 00:00:00', 0, 0),
(117, 4, '0000-00-00 00:00:00', '2017-03-11 17:17:57', 0, 0),
(118, 6, '2017-03-11 17:18:08', '0000-00-00 00:00:00', 0, 0),
(119, 6, '0000-00-00 00:00:00', '2017-03-11 17:51:40', 0, 0),
(120, 6, '2017-03-11 17:51:51', '0000-00-00 00:00:00', 0, 0),
(121, 6, '0000-00-00 00:00:00', '2017-03-11 17:53:53', 0, 0),
(122, 4, '2017-03-11 17:53:59', '0000-00-00 00:00:00', 0, 0),
(123, 4, '0000-00-00 00:00:00', '2017-03-11 17:56:25', 0, 0),
(124, 6, '2017-03-11 17:56:35', '0000-00-00 00:00:00', 0, 0),
(125, 6, '0000-00-00 00:00:00', '2017-03-11 17:58:10', 0, 0),
(126, 4, '2017-03-11 17:58:19', '0000-00-00 00:00:00', 0, 0),
(127, 4, '0000-00-00 00:00:00', '2017-03-11 18:24:24', 0, 0),
(128, 1, '2017-03-11 18:24:31', '0000-00-00 00:00:00', 0, 0),
(129, 1, '0000-00-00 00:00:00', '2017-03-11 18:47:22', 0, 0),
(130, 6, '2017-03-11 18:47:33', '0000-00-00 00:00:00', 0, 0),
(131, 6, '0000-00-00 00:00:00', '2017-03-11 18:48:16', 0, 0),
(132, 1, '2017-03-11 18:48:23', '0000-00-00 00:00:00', 0, 0),
(133, 1, '0000-00-00 00:00:00', '2017-03-11 18:50:38', 0, 0),
(134, 8, '2017-03-11 18:50:42', '0000-00-00 00:00:00', 0, 0),
(135, 8, '0000-00-00 00:00:00', '2017-03-11 18:55:02', 0, 0),
(136, 4, '2017-03-11 18:55:17', '0000-00-00 00:00:00', 0, 0),
(137, 4, '0000-00-00 00:00:00', '2017-03-11 18:55:29', 0, 0),
(138, 1, '2017-03-11 18:55:35', '0000-00-00 00:00:00', 0, 0),
(139, 1, '0000-00-00 00:00:00', '2017-03-11 20:21:40', 0, 0),
(140, 6, '2017-03-11 20:21:48', '0000-00-00 00:00:00', 0, 0),
(141, 6, '0000-00-00 00:00:00', '2017-03-11 20:32:21', 0, 0),
(142, 7, '2017-03-11 20:32:29', '0000-00-00 00:00:00', 0, 0),
(143, 1, '2017-03-13 10:12:20', '0000-00-00 00:00:00', 0, 0),
(144, 1, '0000-00-00 00:00:00', '2017-03-13 16:49:16', 0, 0),
(145, 3, '2017-03-13 16:49:23', '0000-00-00 00:00:00', 0, 0),
(146, 3, '0000-00-00 00:00:00', '2017-03-13 16:49:56', 0, 0),
(147, 1, '2017-03-13 16:50:03', '0000-00-00 00:00:00', 0, 0),
(148, 1, '0000-00-00 00:00:00', '2017-03-13 17:14:55', 0, 0),
(149, 3, '2017-03-13 17:15:05', '0000-00-00 00:00:00', 0, 0),
(150, 3, '0000-00-00 00:00:00', '2017-03-13 17:15:40', 0, 0),
(151, 1, '2017-03-13 17:15:46', '0000-00-00 00:00:00', 0, 0),
(152, 1, '0000-00-00 00:00:00', '2017-03-13 17:39:44', 0, 0),
(153, 3, '2017-03-13 17:39:50', '0000-00-00 00:00:00', 0, 0),
(154, 3, '0000-00-00 00:00:00', '2017-03-13 17:41:00', 0, 0),
(155, 1, '2017-03-13 17:41:08', '0000-00-00 00:00:00', 0, 0),
(156, 1, '0000-00-00 00:00:00', '2017-03-13 17:41:31', 0, 0),
(157, 1, '2017-03-13 17:41:36', '0000-00-00 00:00:00', 0, 0),
(158, 1, '0000-00-00 00:00:00', '2017-03-13 17:42:25', 0, 0),
(159, 3, '2017-03-13 17:42:30', '0000-00-00 00:00:00', 0, 0),
(160, 3, '0000-00-00 00:00:00', '2017-03-13 18:02:31', 0, 0),
(161, 1, '2017-03-13 18:02:37', '0000-00-00 00:00:00', 0, 0),
(162, 1, '0000-00-00 00:00:00', '2017-03-13 18:08:09', 0, 0),
(163, 1, '2017-03-13 18:08:15', '0000-00-00 00:00:00', 0, 0),
(164, 1, '0000-00-00 00:00:00', '2017-03-13 18:09:57', 0, 0),
(165, 3, '2017-03-13 18:10:05', '0000-00-00 00:00:00', 0, 0),
(166, 3, '0000-00-00 00:00:00', '2017-03-13 19:16:19', 0, 0),
(167, 8, '2017-03-13 19:16:27', '0000-00-00 00:00:00', 0, 0),
(168, 8, '0000-00-00 00:00:00', '2017-03-13 19:20:54', 0, 0),
(169, 3, '2017-03-13 19:21:01', '0000-00-00 00:00:00', 0, 0),
(170, 3, '0000-00-00 00:00:00', '2017-03-13 19:26:00', 0, 0),
(171, 8, '2017-03-13 19:26:07', '0000-00-00 00:00:00', 0, 0),
(172, 8, '0000-00-00 00:00:00', '2017-03-13 19:36:28', 0, 0),
(173, 8, '2017-03-13 19:37:14', '0000-00-00 00:00:00', 0, 0),
(174, 8, '0000-00-00 00:00:00', '2017-03-13 19:42:23', 0, 0),
(175, 3, '2017-03-13 19:42:30', '0000-00-00 00:00:00', 0, 0),
(176, 3, '0000-00-00 00:00:00', '2017-03-13 20:25:48', 0, 0),
(177, 8, '2017-03-13 20:25:54', '0000-00-00 00:00:00', 0, 0),
(178, 8, '0000-00-00 00:00:00', '2017-03-13 20:29:03', 0, 0),
(179, 3, '2017-03-13 20:29:08', '0000-00-00 00:00:00', 0, 0),
(180, 3, '0000-00-00 00:00:00', '2017-03-13 20:29:33', 0, 0),
(181, 8, '2017-03-13 20:29:40', '0000-00-00 00:00:00', 0, 0),
(182, 8, '0000-00-00 00:00:00', '2017-03-13 20:35:03', 0, 0),
(183, 1, '2017-03-13 20:35:09', '0000-00-00 00:00:00', 0, 0),
(184, 1, '0000-00-00 00:00:00', '2017-03-13 20:40:38', 0, 0),
(185, 8, '2017-03-13 20:40:43', '0000-00-00 00:00:00', 0, 0),
(186, 8, '0000-00-00 00:00:00', '2017-03-13 20:59:48', 0, 0),
(187, 1, '2017-03-13 20:59:55', '0000-00-00 00:00:00', 0, 0),
(188, 3, '2017-03-14 10:43:06', '0000-00-00 00:00:00', 0, 0),
(189, 3, '0000-00-00 00:00:00', '2017-03-14 12:32:41', 0, 0),
(190, 1, '2017-03-14 12:32:47', '0000-00-00 00:00:00', 0, 0),
(191, 1, '0000-00-00 00:00:00', '2017-03-14 15:13:17', 0, 0),
(192, 8, '2017-03-14 15:13:24', '0000-00-00 00:00:00', 0, 0),
(193, 8, '0000-00-00 00:00:00', '2017-03-14 15:13:58', 0, 0),
(194, 3, '2017-03-14 15:14:04', '0000-00-00 00:00:00', 0, 0),
(195, 3, '0000-00-00 00:00:00', '2017-03-14 15:14:58', 0, 0),
(196, 8, '2017-03-14 15:15:06', '0000-00-00 00:00:00', 0, 0),
(197, 8, '0000-00-00 00:00:00', '2017-03-14 15:18:00', 0, 0),
(198, 3, '2017-03-14 15:18:14', '0000-00-00 00:00:00', 0, 0),
(199, 3, '0000-00-00 00:00:00', '2017-03-14 15:20:21', 0, 0),
(200, 8, '2017-03-14 15:20:27', '0000-00-00 00:00:00', 0, 0),
(201, 8, '0000-00-00 00:00:00', '2017-03-14 15:23:02', 0, 0),
(202, 3, '2017-03-14 15:23:10', '0000-00-00 00:00:00', 0, 0),
(203, 3, '0000-00-00 00:00:00', '2017-03-14 15:47:33', 0, 0),
(204, 1, '2017-03-14 15:47:38', '0000-00-00 00:00:00', 0, 0),
(205, 1, '0000-00-00 00:00:00', '2017-03-14 15:51:26', 0, 0),
(206, 4, '2017-03-14 15:51:35', '0000-00-00 00:00:00', 0, 0),
(207, 4, '0000-00-00 00:00:00', '2017-03-14 17:13:26', 0, 0),
(208, 3, '2017-03-14 17:13:32', '0000-00-00 00:00:00', 0, 0),
(209, 3, '0000-00-00 00:00:00', '2017-03-14 17:36:43', 0, 0),
(210, 7, '2017-03-14 17:36:52', '0000-00-00 00:00:00', 0, 0),
(211, 7, '0000-00-00 00:00:00', '2017-03-14 17:38:00', 0, 0),
(212, 3, '2017-03-14 17:38:05', '0000-00-00 00:00:00', 0, 0),
(213, 3, '0000-00-00 00:00:00', '2017-03-14 17:40:07', 0, 0),
(214, 1, '2017-03-14 17:40:12', '0000-00-00 00:00:00', 0, 0),
(215, 1, '0000-00-00 00:00:00', '2017-03-14 17:50:15', 0, 0),
(216, 8, '2017-03-14 17:50:20', '0000-00-00 00:00:00', 0, 0),
(217, 8, '0000-00-00 00:00:00', '2017-03-14 17:56:09', 0, 0),
(218, 1, '2017-03-14 17:56:13', '0000-00-00 00:00:00', 0, 0),
(219, 1, '0000-00-00 00:00:00', '2017-03-14 19:20:39', 0, 0),
(220, 3, '2017-03-14 19:20:45', '0000-00-00 00:00:00', 0, 0),
(221, 3, '0000-00-00 00:00:00', '2017-03-14 19:23:03', 0, 0),
(222, 1, '2017-03-14 19:23:14', '0000-00-00 00:00:00', 0, 0),
(223, 1, '2017-03-15 10:38:43', '0000-00-00 00:00:00', 0, 0),
(224, 1, '0000-00-00 00:00:00', '2017-03-15 10:45:08', 0, 0),
(225, 3, '2017-03-15 10:45:15', '0000-00-00 00:00:00', 0, 0),
(226, 3, '0000-00-00 00:00:00', '2017-03-15 10:45:42', 0, 0),
(227, 1, '2017-03-15 10:45:46', '0000-00-00 00:00:00', 0, 0),
(228, 1, '0000-00-00 00:00:00', '2017-03-15 10:46:09', 0, 0),
(229, 3, '2017-03-15 10:46:15', '0000-00-00 00:00:00', 0, 0),
(230, 3, '0000-00-00 00:00:00', '2017-03-15 10:47:06', 0, 0),
(231, 8, '2017-03-15 10:47:11', '0000-00-00 00:00:00', 0, 0),
(232, 8, '0000-00-00 00:00:00', '2017-03-15 10:50:06', 0, 0),
(233, 3, '2017-03-15 10:50:14', '0000-00-00 00:00:00', 0, 0),
(234, 3, '0000-00-00 00:00:00', '2017-03-15 10:52:00', 0, 0),
(235, 8, '2017-03-15 10:52:06', '0000-00-00 00:00:00', 0, 0),
(236, 8, '0000-00-00 00:00:00', '2017-03-15 11:17:57', 0, 0),
(237, 1, '2017-03-15 11:18:03', '0000-00-00 00:00:00', 0, 0),
(238, 1, '0000-00-00 00:00:00', '2017-03-15 11:31:10', 0, 0),
(239, 3, '2017-03-15 11:31:14', '0000-00-00 00:00:00', 0, 0),
(240, 3, '0000-00-00 00:00:00', '2017-03-15 11:33:48', 0, 0),
(241, 1, '2017-03-15 11:33:52', '0000-00-00 00:00:00', 0, 0),
(242, 1, '0000-00-00 00:00:00', '2017-03-15 11:35:10', 0, 0),
(243, 7, '2017-03-15 11:35:17', '0000-00-00 00:00:00', 0, 0),
(244, 7, '0000-00-00 00:00:00', '2017-03-15 11:47:47', 0, 0),
(245, 1, '2017-03-15 11:47:54', '0000-00-00 00:00:00', 0, 0),
(246, 1, '0000-00-00 00:00:00', '2017-03-15 11:48:50', 0, 0),
(247, 1, '2017-03-15 11:48:55', '0000-00-00 00:00:00', 0, 0),
(248, 1, '0000-00-00 00:00:00', '2017-03-15 11:55:30', 0, 0),
(249, 3, '2017-03-15 11:55:36', '0000-00-00 00:00:00', 0, 0),
(250, 3, '0000-00-00 00:00:00', '2017-03-15 12:23:29', 0, 0),
(251, 8, '2017-03-15 12:23:38', '0000-00-00 00:00:00', 0, 0),
(252, 8, '0000-00-00 00:00:00', '2017-03-15 12:37:55', 0, 0),
(253, 7, '2017-03-15 12:38:06', '0000-00-00 00:00:00', 0, 0),
(254, 7, '0000-00-00 00:00:00', '2017-03-15 12:39:29', 0, 0),
(255, 3, '2017-03-15 12:39:38', '0000-00-00 00:00:00', 0, 0),
(256, 3, '0000-00-00 00:00:00', '2017-03-15 12:40:46', 0, 0),
(257, 7, '2017-03-15 12:40:52', '0000-00-00 00:00:00', 0, 0),
(258, 7, '0000-00-00 00:00:00', '2017-03-15 12:41:34', 0, 0),
(259, 3, '2017-03-15 12:41:40', '0000-00-00 00:00:00', 0, 0),
(260, 3, '0000-00-00 00:00:00', '2017-03-15 14:34:09', 0, 0),
(261, 1, '2017-03-15 14:34:31', '0000-00-00 00:00:00', 0, 0),
(262, 1, '0000-00-00 00:00:00', '2017-03-15 14:47:45', 0, 0),
(263, 3, '2017-03-15 14:47:56', '0000-00-00 00:00:00', 0, 0),
(264, 3, '0000-00-00 00:00:00', '2017-03-15 14:51:20', 0, 0),
(265, 8, '2017-03-15 14:51:30', '0000-00-00 00:00:00', 0, 0),
(266, 8, '0000-00-00 00:00:00', '2017-03-15 14:59:34', 0, 0),
(267, 1, '2017-03-15 14:59:52', '0000-00-00 00:00:00', 0, 0),
(268, 1, '0000-00-00 00:00:00', '2017-03-15 15:32:17', 0, 0),
(269, 3, '2017-03-15 15:32:23', '0000-00-00 00:00:00', 0, 0),
(270, 3, '0000-00-00 00:00:00', '2017-03-15 16:16:39', 0, 0),
(271, 1, '2017-03-15 16:16:44', '0000-00-00 00:00:00', 0, 0),
(272, 1, '0000-00-00 00:00:00', '2017-03-15 16:32:51', 0, 0),
(273, 3, '2017-03-15 16:32:56', '0000-00-00 00:00:00', 0, 0),
(274, 3, '0000-00-00 00:00:00', '2017-03-15 17:10:52', 0, 0),
(275, 8, '2017-03-15 17:10:59', '0000-00-00 00:00:00', 0, 0),
(276, 8, '0000-00-00 00:00:00', '2017-03-15 17:30:47', 0, 0),
(277, 3, '2017-03-15 17:31:08', '0000-00-00 00:00:00', 0, 0),
(278, 3, '0000-00-00 00:00:00', '2017-03-15 17:31:59', 0, 0),
(279, 8, '2017-03-15 17:32:06', '0000-00-00 00:00:00', 0, 0),
(280, 8, '0000-00-00 00:00:00', '2017-03-15 17:59:42', 0, 0),
(281, 3, '2017-03-15 17:59:48', '0000-00-00 00:00:00', 0, 0),
(282, 3, '0000-00-00 00:00:00', '2017-03-15 18:00:26', 0, 0),
(283, 8, '2017-03-15 18:00:32', '0000-00-00 00:00:00', 0, 0);

-- --------------------------------------------------------

--
-- Table structure for table `notification`
--

DROP TABLE IF EXISTS `notification`;
CREATE TABLE `notification` (
  `id` bigint(20) NOT NULL,
  `message` text NOT NULL,
  `from_id` bigint(20) NOT NULL,
  `to_id` bigint(20) NOT NULL,
  `notification_type` int(20) NOT NULL COMMENT '1-Project Add,2 - Project Assign for a team,3 - Task Assign For a Team,4 - Add Task for Employee',
  `created_on` datetime NOT NULL,
  `created_ip` bigint(20) NOT NULL,
  `status` tinyint(4) NOT NULL COMMENT '0-read,1-unread'
) ENGINE=InnoDB DEFAULT CHARSET=latin1;

--
-- Dumping data for table `notification`
--

INSERT INTO `notification` (`id`, `message`, `from_id`, `to_id`, `notification_type`, `created_on`, `created_ip`, `status`) VALUES
(1, 'Footer Design Task has been Assigned by Mohamed Ibramsha for your team member Sha', 3, 3, 3, '2017-03-15 18:00:25', 0, 1),
(2, 'Footer Design Task has been Assigned by Mohamed Ibramsha', 3, 8, 3, '2017-03-15 18:00:25', 0, 1),
(3, ' Task has been In Completed by Sha', 8, 3, 3, '2017-03-15 18:02:53', 0, 1),
(4, ' Task has been In Completed by Sha', 8, 3, 3, '2017-03-15 18:04:34', 0, 1),
(5, ' Task has been In Completed by Sha', 8, 3, 3, '2017-03-15 18:14:49', 0, 1),
(6, ' Task has been In Completed by Sha', 8, 3, 3, '2017-03-15 18:17:02', 0, 1),
(7, ' Task has been In Completed by Sha', 8, 3, 3, '2017-03-15 18:19:29', 0, 1),
(8, ' Task has been In Completed by Sha', 8, 3, 3, '2017-03-15 18:23:04', 0, 1);

-- --------------------------------------------------------

--
-- Table structure for table `projects`
--

DROP TABLE IF EXISTS `projects`;
CREATE TABLE `projects` (
  `id` bigint(20) NOT NULL,
  `project_name` varchar(300) NOT NULL,
  `project_slug` varchar(300) NOT NULL,
  `project_description` text NOT NULL,
  `project_file` text NOT NULL COMMENT 'Add files for comma separate',
  `project_team` varchar(100) NOT NULL,
  `project_type_status` tinyint(4) NOT NULL COMMENT '1-Ongoing,2-Upcoming,3-Pipeline',
  `project_during_hours` varchar(50) NOT NULL,
  `project_start_date` date NOT NULL,
  `project_finished_date` date NOT NULL,
  `created_at` bigint(20) NOT NULL,
  `created_on` datetime NOT NULL,
  `updated_on` datetime NOT NULL,
  `created_ip` bigint(20) NOT NULL,
  `status` tinyint(4) NOT NULL COMMENT '0-Pending,1-Active,2-Ignored,3-Stop,4-Pause,5-Assigned,6-Finished'
) ENGINE=InnoDB DEFAULT CHARSET=latin1;

--
-- Dumping data for table `projects`
--

INSERT INTO `projects` (`id`, `project_name`, `project_slug`, `project_description`, `project_file`, `project_team`, `project_type_status`, `project_during_hours`, `project_start_date`, `project_finished_date`, `created_at`, `created_on`, `updated_on`, `created_ip`, `status`) VALUES
(1, 'SGBC India Private Limited', 'sgbc-india-private-limited', 'SGBC India Private Limited SGBC India Private Limited', 'yaZDdphH0KTEI8LkrxteJWVu2c7Qnjgvzi563Oq4NYfU1ASFwm.png|*|4bmrwXcRIAFvQnEeDglPUSNy5fOtHo2J8GKk1z0CWaY3uqM79Z.jpg', '1,2', 1, '27', '2017-03-15', '2017-03-17', 0, '2017-03-14 18:54:58', '2017-03-15 10:46:01', 0, 5),
(2, 'Wallet', 'wallet', 'Wallet', 'rmNcV9RDldbIL3kOAYh0MJwW2TjCv5gxiq7zFZsUEQXte1yG6H.jpg', '1,3,4', 1, '135', '2017-03-15', '2017-03-31', 0, '2017-03-15 14:44:13', '2017-03-15 14:46:08', 0, 5),
(3, 'Boopathi', 'boopathi', 'Boopathi', '', '', 2, '', '0000-00-00', '0000-00-00', 0, '2017-03-15 15:26:50', '0000-00-00 00:00:00', 0, 1);

-- --------------------------------------------------------

--
-- Table structure for table `project_teams`
--

DROP TABLE IF EXISTS `project_teams`;
CREATE TABLE `project_teams` (
  `id` bigint(20) NOT NULL,
  `team_tl_id` bigint(20) NOT NULL COMMENT 'refer from users table',
  `team_departments_id` bigint(20) NOT NULL COMMENT 'refer from departments table',
  `projects_id` bigint(20) NOT NULL COMMENT 'refer from projects table',
  `project_priority_type` bigint(20) NOT NULL,
  `time_duration` double NOT NULL COMMENT 'defined by hours',
  `finished_hours` double NOT NULL,
  `created_by` bigint(20) NOT NULL COMMENT 'refer from users table',
  `created_at` datetime NOT NULL,
  `updated_on` datetime NOT NULL,
  `created_ip` bigint(20) NOT NULL,
  `status` tinyint(4) NOT NULL COMMENT '0-Pending,1-Active,2-Ignored,3-In Progress,4 - In Completed,5-Completed'
) ENGINE=InnoDB DEFAULT CHARSET=latin1;

--
-- Dumping data for table `project_teams`
--

INSERT INTO `project_teams` (`id`, `team_tl_id`, `team_departments_id`, `projects_id`, `project_priority_type`, `time_duration`, `finished_hours`, `created_by`, `created_at`, `updated_on`, `created_ip`, `status`) VALUES
(1, 3, 1, 1, 0, 25, 0, 1, '2017-03-14 19:03:08', '0000-00-00 00:00:00', 0, 1),
(2, 4, 2, 1, 0, 2, 0, 1, '2017-03-14 19:03:08', '0000-00-00 00:00:00', 0, 1),
(3, 3, 1, 2, 0, 35, 0, 1, '2017-03-15 14:47:36', '0000-00-00 00:00:00', 0, 1),
(4, 5, 3, 2, 0, 50, 0, 1, '2017-03-15 14:47:37', '0000-00-00 00:00:00', 0, 1),
(5, 9, 4, 2, 0, 50, 0, 1, '2017-03-15 14:47:37', '0000-00-00 00:00:00', 0, 1);

-- --------------------------------------------------------

--
-- Table structure for table `site_setting`
--

DROP TABLE IF EXISTS `site_setting`;
CREATE TABLE `site_setting` (
  `setting_id` int(11) NOT NULL,
  `setting_key` varchar(55) NOT NULL,
  `setting_value` text NOT NULL,
  `setting_modify_date` datetime NOT NULL
) ENGINE=InnoDB DEFAULT CHARSET=latin1;

--
-- Dumping data for table `site_setting`
--

INSERT INTO `site_setting` (`setting_id`, `setting_key`, `setting_value`, `setting_modify_date`) VALUES
(1, 'site_title', 'Test', '2017-02-13 20:46:09'),
(2, 'mail_from_name', 'Electtv.com', '2017-02-13 20:46:09'),
(3, 'from_email', 'admin@electtv.com', '2017-02-13 20:46:09'),
(4, 'to_email', 'admin@electtv.com', '2017-02-13 20:46:09'),
(5, 'mail_subject', 'Welcome ElectTV', '2017-02-13 20:46:09'),
(6, 'email_template', 'Welcome ElectTV', '2017-02-13 20:46:09'),
(7, 'email_footer_copyright', 'copyright 2017', '2017-02-13 20:46:09'),
(8, 'submit', 'Submit', '2017-02-13 20:46:09'),
(9, 'action', 'settings', '2017-02-13 20:46:09');

-- --------------------------------------------------------

--
-- Table structure for table `sms_setting`
--

DROP TABLE IF EXISTS `sms_setting`;
CREATE TABLE `sms_setting` (
  `id` int(11) UNSIGNED NOT NULL,
  `created_on` datetime NOT NULL,
  `name` varchar(255) COLLATE utf8_unicode_ci NOT NULL,
  `slug` text COLLATE utf8_unicode_ci NOT NULL,
  `sms_content` text COLLATE utf8_unicode_ci,
  `sms_variable` varchar(1000) COLLATE utf8_unicode_ci DEFAULT NULL,
  `status` tinyint(4) NOT NULL COMMENT '0-Pending,1-Active'
) ENGINE=MyISAM DEFAULT CHARSET=utf8 COLLATE=utf8_unicode_ci COMMENT='Site Sms Templates';

--
-- Dumping data for table `sms_setting`
--

INSERT INTO `sms_setting` (`id`, `created_on`, `name`, `slug`, `sms_content`, `sms_variable`, `status`) VALUES
(2, '2017-03-07 19:49:44', 'User Mobile Active', 'user-mobile-active', 'your account active code sent to your mobile please check it. OTP : [MOBILE_OTP]', '[MOBILE_OTP]', 1),
(3, '2017-03-07 19:54:14', 'Resend OTP Sms', 'resend-otp-sms', 'Elect TV Resend sms otp code : [MOBILE_OTP]', '[MOBILE_OTP]', 1);

-- --------------------------------------------------------

--
-- Table structure for table `srm_holidays`
--

DROP TABLE IF EXISTS `srm_holidays`;
CREATE TABLE `srm_holidays` (
  `id` bigint(20) NOT NULL,
  `holiday_date` date NOT NULL,
  `holiday_reason` varchar(300) NOT NULL,
  `created_on` datetime NOT NULL,
  `created_by` bigint(20) NOT NULL,
  `created_ip` bigint(20) NOT NULL,
  `status` tinyint(4) NOT NULL COMMENT '0-Pending,1-Active,2-Ignored'
) ENGINE=InnoDB DEFAULT CHARSET=latin1;

-- --------------------------------------------------------

--
-- Table structure for table `states`
--

DROP TABLE IF EXISTS `states`;
CREATE TABLE `states` (
  `id` bigint(20) NOT NULL,
  `created_on` datetime NOT NULL,
  `updated_on` datetime NOT NULL,
  `name` varchar(255) COLLATE utf8_unicode_ci NOT NULL,
  `slug` varchar(255) COLLATE utf8_unicode_ci NOT NULL,
  `country_id` bigint(20) NOT NULL,
  `code` varchar(255) COLLATE utf8_unicode_ci NOT NULL,
  `user_count` bigint(20) NOT NULL,
  `is_active` tinyint(1) NOT NULL,
  `is_delete` tinyint(1) NOT NULL
) ENGINE=MyISAM DEFAULT CHARSET=utf8 COLLATE=utf8_unicode_ci;

--
-- Dumping data for table `states`
--

INSERT INTO `states` (`id`, `created_on`, `updated_on`, `name`, `slug`, `country_id`, `code`, `user_count`, `is_active`, `is_delete`) VALUES
(1, '2012-12-17 08:59:55', '2012-12-17 08:59:55', 'Andhra Pradesh', 'andhra-pradesh', 109, '', 0, 1, 0),
(2, '2012-12-17 08:59:55', '2012-12-17 08:59:55', 'Arunachal Pradesh', 'arunachal-pradesh', 109, '', 0, 1, 0),
(3, '2012-12-17 08:59:56', '2012-12-17 08:59:56', 'Assam', 'assam', 109, '', 0, 1, 0),
(4, '2012-12-17 08:59:56', '2012-12-17 08:59:56', 'Bihar', 'bihar', 109, '', 0, 1, 0),
(5, '2012-12-17 08:59:56', '2012-12-17 08:59:56', 'Candigarh', 'candigarh', 109, '', 0, 1, 0),
(6, '2012-12-17 08:59:56', '2012-12-17 08:59:56', 'Chhattisgarh', 'chhattisgarh', 109, '', 0, 1, 0),
(7, '2012-12-17 08:59:56', '2012-12-17 08:59:56', 'Dadar and Nagar Haveli', 'dadar-and-nagar-haveli', 109, '', 0, 1, 0),
(8, '2012-12-17 08:59:56', '2012-12-17 08:59:56', 'Daman and Diu', 'daman-and-diu', 109, '', 0, 1, 0),
(9, '2012-12-17 08:59:56', '2012-12-17 08:59:56', 'Delhi', 'delhi', 109, '', 0, 1, 0),
(10, '2012-12-17 08:59:56', '2012-12-17 08:59:56', 'Goa', 'goa', 109, '', 0, 1, 0),
(11, '2012-12-17 08:59:56', '2017-01-25 12:19:25', 'Gujarat', 'gujarat', 109, 'GJ', 0, 1, 0),
(12, '2012-12-17 08:59:56', '2012-12-17 08:59:56', 'Harayana', 'harayana', 109, '', 0, 1, 0),
(13, '2012-12-17 08:59:56', '2012-12-17 08:59:56', 'Himachal Pradesh', 'himachal-pradesh', 109, '', 0, 1, 0),
(14, '2012-12-17 08:59:56', '2012-12-17 08:59:56', 'Jammu and Kashmir', 'jammu-and-kashmir', 109, '', 0, 1, 0),
(15, '2012-12-17 08:59:56', '2012-12-17 08:59:56', 'Jharkhand', 'jharkhand', 109, '', 0, 1, 0),
(16, '2012-12-17 08:59:56', '2012-12-17 08:59:56', 'Karnataka', 'karnataka', 109, '', 0, 1, 0),
(17, '2012-12-17 08:59:56', '2012-12-17 08:59:56', 'Kerala', 'kerala', 109, '', 0, 1, 0),
(18, '2012-12-17 08:59:56', '2012-12-17 08:59:56', 'Lakshadweep', 'lakshadweep', 109, '', 0, 1, 0),
(19, '2012-12-17 08:59:56', '2012-12-17 08:59:56', 'Madhya Pradesh', 'madhya-pradesh', 109, '', 0, 1, 0),
(20, '2012-12-17 08:59:57', '2012-12-17 08:59:57', 'Maharashtra', 'maharashtra', 109, '', 0, 1, 0),
(21, '2012-12-17 08:59:57', '2012-12-17 08:59:57', 'Manipur', 'manipur', 109, '', 0, 1, 0),
(22, '2012-12-17 08:59:57', '2012-12-17 08:59:57', 'Mizoram', 'mizoram', 109, '', 0, 1, 0),
(23, '2012-12-17 08:59:57', '2012-12-17 08:59:57', 'Nagaland', 'nagaland', 109, '', 0, 1, 0),
(24, '2012-12-17 08:59:57', '2012-12-17 08:59:57', 'Orissa', 'orissa', 109, '', 0, 1, 0),
(25, '2012-12-17 08:59:57', '2012-12-17 08:59:57', 'Pondichery', 'pondichery', 109, '', 0, 1, 0),
(26, '2012-12-17 08:59:57', '2012-12-17 08:59:57', 'Punjab', 'punjab', 109, '', 0, 1, 0),
(27, '2012-12-17 08:59:57', '2012-12-17 08:59:57', 'Rajasthan', 'rajasthan', 109, '', 0, 1, 0),
(28, '2012-12-17 08:59:57', '2012-12-17 08:59:57', 'Tamil Nadu', 'tamil-nadu', 109, '', 0, 1, 0),
(29, '2012-12-17 08:59:57', '2012-12-17 08:59:57', 'Tripura', 'tripura', 109, '', 0, 1, 0),
(30, '2012-12-17 08:59:57', '2012-12-17 08:59:57', 'Uttar Pradesh', 'uttar-pradesh', 109, '', 0, 1, 0),
(31, '2012-12-17 08:59:57', '2012-12-17 08:59:57', 'Uttarakhand', 'uttarakhand', 109, '', 0, 1, 0),
(32, '2012-12-17 08:59:58', '2012-12-17 08:59:58', 'West Bengal', 'west-bengal', 109, '', 0, 1, 0),
(33, '2016-12-18 19:13:42', '0000-00-00 00:00:00', 'Meghalaya', 'meghalaya', 109, 'MEGYA', 0, 1, 0),
(34, '2016-12-18 19:30:26', '0000-00-00 00:00:00', 'Sikkim', 'sikkim', 109, 'SIKM', 0, 1, 0),
(35, '2016-12-18 19:32:08', '0000-00-00 00:00:00', 'Telangana', 'telangana', 109, 'TELGA', 0, 1, 0);

-- --------------------------------------------------------

--
-- Table structure for table `static_reasons`
--

DROP TABLE IF EXISTS `static_reasons`;
CREATE TABLE `static_reasons` (
  `id` int(11) NOT NULL,
  `reason` varchar(200) NOT NULL,
  `created_at` datetime NOT NULL,
  `status` tinyint(4) NOT NULL COMMENT '0-Pending,1-Active,2-Ignored'
) ENGINE=InnoDB DEFAULT CHARSET=latin1;

--
-- Dumping data for table `static_reasons`
--

INSERT INTO `static_reasons` (`id`, `reason`, `created_at`, `status`) VALUES
(1, 'Reading Material', '2017-03-11 00:00:00', 1),
(2, 'Power Shutdown', '2017-03-11 00:00:00', 1),
(3, 'System Problem', '2017-03-11 00:00:00', 1),
(4, 'Discussion', '2017-03-11 00:00:00', 1),
(5, 'Refer with Friends', '2017-03-11 00:00:00', 1),
(6, 'Help to Team Member', '2017-03-11 00:00:00', 1),
(7, 'Lunch', '2017-03-11 00:00:00', 1),
(8, 'Break', '2017-03-11 00:00:00', 1);

-- --------------------------------------------------------

--
-- Table structure for table `tasks`
--

DROP TABLE IF EXISTS `tasks`;
CREATE TABLE `tasks` (
  `id` bigint(20) NOT NULL,
  `projects_id` varchar(300) NOT NULL COMMENT 'refer from projects table. IF projects_id=others{refer from static_reasons table}',
  `task_title` varchar(300) NOT NULL,
  `project_duration` double NOT NULL,
  `message` text NOT NULL,
  `from_user_id` bigint(20) NOT NULL,
  `to_user_id` bigint(20) NOT NULL,
  `departments_id` bigint(20) NOT NULL COMMENT 'refer from departments table',
  `task_type` tinyint(4) NOT NULL COMMENT '1-Assigned,2-Add',
  `asigned_task_id` bigint(20) NOT NULL,
  `task_file` text NOT NULL,
  `start_datetime` datetime NOT NULL,
  `end_datetime` datetime NOT NULL,
  `employee_finished_datetime` datetime NOT NULL,
  `employee_finished_message` text NOT NULL,
  `employee_finished_delay_hours` varchar(50) NOT NULL,
  `finished_duration_hours` double NOT NULL,
  `created_ip` bigint(20) NOT NULL,
  `status` tinyint(4) NOT NULL COMMENT '0-Pending,1-Active,2-Ignored,3-In Progress,4- In Completed,5-Completed'
) ENGINE=InnoDB DEFAULT CHARSET=latin1;

--
-- Dumping data for table `tasks`
--

INSERT INTO `tasks` (`id`, `projects_id`, `task_title`, `project_duration`, `message`, `from_user_id`, `to_user_id`, `departments_id`, `task_type`, `asigned_task_id`, `task_file`, `start_datetime`, `end_datetime`, `employee_finished_datetime`, `employee_finished_message`, `employee_finished_delay_hours`, `finished_duration_hours`, `created_ip`, `status`) VALUES
(1, '3', 'Header and Index Page Design', 10, 'Header and Index Page Design', 3, 8, 0, 0, 1, 'Ggv27nrIM3fJdk9YhCiNy6ZbUW1QHLPDVOT4E8Kj0S5ulBwFtx.png|*|04W2lUokxMQdKuP7h5ncaqyOCYs1LwJATeZfrp8XNFRGbmVSEB.jpg', '2017-03-15 17:31:00', '2017-03-16 17:31:00', '0000-00-00 00:00:00', '', '', 0, 0, 1),
(2, '2', 'Footer Design', 12, 'Footer Design', 3, 8, 0, 0, 2, 'wqzjnOyMLrWZ5fCopk1haxmtT289uc6gEis0XBI3HvRlANDS4Q.png|*|FknistgHR39j2Uw0rWamxuJThIDboCpyM14Q8YXeGAO7cqPKvN.gif', '2017-03-15 18:00:00', '2017-03-15 18:00:00', '0000-00-00 00:00:00', '', '', 14, 0, 4);

-- --------------------------------------------------------

--
-- Table structure for table `task_history`
--

DROP TABLE IF EXISTS `task_history`;
CREATE TABLE `task_history` (
  `id` bigint(20) NOT NULL,
  `tasks_id` bigint(20) NOT NULL,
  `projects_id` varchar(300) NOT NULL COMMENT 'refer from projects table. IF projects_id=others{refer from static_reasons table}',
  `task_title` varchar(300) NOT NULL,
  `project_duration` double NOT NULL,
  `message` text NOT NULL,
  `from_user_id` bigint(20) NOT NULL,
  `to_user_id` bigint(20) NOT NULL,
  `departments_id` bigint(20) NOT NULL COMMENT 'refer from departments table',
  `task_type` tinyint(4) NOT NULL COMMENT '1-Assigned,2-Add',
  `asigned_task_id` bigint(20) NOT NULL,
  `task_file` text NOT NULL,
  `start_datetime` datetime NOT NULL,
  `end_datetime` datetime NOT NULL,
  `employee_finished_datetime` datetime NOT NULL,
  `employee_finished_message` text NOT NULL,
  `employee_finished_delay_hours` varchar(50) NOT NULL,
  `finished_duration_hours` varchar(50) NOT NULL,
  `created_ip` bigint(20) NOT NULL,
  `status` tinyint(4) NOT NULL COMMENT '0-Pending,1-Active,2-Ignored,3-In Progress,4- In Completed,5-Completed'
) ENGINE=InnoDB DEFAULT CHARSET=latin1;

--
-- Dumping data for table `task_history`
--

INSERT INTO `task_history` (`id`, `tasks_id`, `projects_id`, `task_title`, `project_duration`, `message`, `from_user_id`, `to_user_id`, `departments_id`, `task_type`, `asigned_task_id`, `task_file`, `start_datetime`, `end_datetime`, `employee_finished_datetime`, `employee_finished_message`, `employee_finished_delay_hours`, `finished_duration_hours`, `created_ip`, `status`) VALUES
(1, 1, '3', 'Header and Index Page Design', 10, 'Header and Index Page Design', 3, 8, 0, 0, 1, 'Ggv27nrIM3fJdk9YhCiNy6ZbUW1QHLPDVOT4E8Kj0S5ulBwFtx.png|*|04W2lUokxMQdKuP7h5ncaqyOCYs1LwJATeZfrp8XNFRGbmVSEB.jpg', '2017-03-15 17:31:00', '2017-03-16 17:31:00', '0000-00-00 00:00:00', '', '', '', 0, 1),
(2, 2, '2', 'Footer Design', 12, 'Footer Design', 3, 8, 0, 0, 2, 'wqzjnOyMLrWZ5fCopk1haxmtT289uc6gEis0XBI3HvRlANDS4Q.png|*|FknistgHR39j2Uw0rWamxuJThIDboCpyM14Q8YXeGAO7cqPKvN.gif', '2017-03-15 18:00:00', '2017-03-15 18:00:00', '0000-00-00 00:00:00', '', '', '', 0, 1),
(6, 2, '2', 'Footer Design', 2, 'df fgs dfg dfgdfdfg', 8, 3, 1, 0, 2, '', '2017-03-15 18:20:00', '2017-03-15 18:20:00', '0000-00-00 00:00:00', '', '', '', 0, 4),
(7, 2, '2', 'Footer Design', 10, 'xcv vsdg fsgsdsdf', 8, 3, 1, 0, 2, '', '2017-03-16 18:22:00', '2017-03-23 18:23:00', '0000-00-00 00:00:00', '', '', '', 0, 4);

-- --------------------------------------------------------

--
-- Table structure for table `users`
--

DROP TABLE IF EXISTS `users`;
CREATE TABLE `users` (
  `id` bigint(20) NOT NULL,
  `user_type_id` bigint(20) NOT NULL COMMENT 'refer from user_type table',
  `user_reporter_id` bigint(20) NOT NULL,
  `user_name` varchar(200) NOT NULL,
  `user_pass` varchar(300) NOT NULL,
  `user_email` varchar(200) NOT NULL,
  `user_slug` varchar(200) NOT NULL,
  `user_emp_code` varchar(50) NOT NULL,
  `user_departments_id` bigint(20) NOT NULL COMMENT 'refer from departments table',
  `user_mobile` varchar(50) NOT NULL,
  `user_dob` date NOT NULL,
  `user_address` varchar(300) NOT NULL,
  `user_access_menus_id` varchar(300) NOT NULL COMMENT 'refer from default_leftmenus table',
  `user_access_menus_details` text NOT NULL,
  `user_country` bigint(20) NOT NULL COMMENT 'refer from country table',
  `user_state` bigint(20) NOT NULL COMMENT 'refer from state table',
  `user_city` bigint(20) NOT NULL COMMENT 'refer from city table',
  `user_details` text NOT NULL COMMENT 'json values for country,state and city name and slug',
  `created_on` datetime NOT NULL,
  `updated_on` datetime NOT NULL,
  `created_ip` bigint(20) NOT NULL,
  `created_by` bigint(20) NOT NULL,
  `status` tinyint(4) NOT NULL COMMENT '0-Pending,1-Active,2-Ignored,3-Blocked'
) ENGINE=InnoDB DEFAULT CHARSET=latin1;

--
-- Dumping data for table `users`
--

INSERT INTO `users` (`id`, `user_type_id`, `user_reporter_id`, `user_name`, `user_pass`, `user_email`, `user_slug`, `user_emp_code`, `user_departments_id`, `user_mobile`, `user_dob`, `user_address`, `user_access_menus_id`, `user_access_menus_details`, `user_country`, `user_state`, `user_city`, `user_details`, `created_on`, `updated_on`, `created_ip`, `created_by`, `status`) VALUES
(1, 1, 1, 'Super Admin', 'e10adc3949ba59abbe56e057f20f883e', 'superadmin@gmail.com', 'super-admin', '', 9999, '9944668971', '2017-03-08', 'Chennai', '', '', 109, 28, 144, '', '2017-03-08 00:00:00', '2017-03-08 00:00:00', 5545454848484, 1, 1),
(2, 6, 3, 'Sankar', 'e10adc3949ba59abbe56e057f20f883e', 'sankar@gmail.com', 'sankargmailcom', '', 5, '9876543210', '2017-03-09', 'Chennai', '5,6,7', '{"menu_details":[{"name":"Tasks","slug":"tasks","id":"5"},{"name":"Settings","slug":"settings","id":"6"},{"name":"Edit Profile","slug":"edit-profile","id":"7"}]}', 109, 28, 456, '{"countries":{"id":"109","name":"India"},"states":{"id":"28","name":"Tamil Nadu","slug":"tamil-nadu"},"cities":{"id":"456","name":"Chennai","slug":"chennai"}}', '2017-03-08 16:08:42', '0000-00-00 00:00:00', 0, 4, 1),
(3, 5, 7, 'Mohamed Ibramsha', 'e10adc3949ba59abbe56e057f20f883e', 'mdibram@gmail.com', 'mdibramgmailcom', '', 1, '9876543210', '2017-03-15', 'South Street', '1,4,5,6,7', '{"menu_details":[{"name":"Users","slug":"users","id":"1"},{"name":"Projects","slug":"projects","id":"4"},{"name":"Tasks","slug":"tasks","id":"5"},{"name":"Settings","slug":"settings","id":"6"},{"name":"Edit Profile","slug":"edit-profile","id":"7"}]}', 109, 28, 474, '{"countries":{"id":"109","name":"India"},"states":{"id":null,"name":null,"slug":null},"cities":{"id":"109","name":"North Delhi","slug":"north-delhi"}}', '2017-03-09 17:37:54', '0000-00-00 00:00:00', 0, 1, 1),
(4, 5, 7, 'Kalaivanan', 'e10adc3949ba59abbe56e057f20f883e', 'kannankalai90@gmail.com', 'kannankalai90gmailcom', '', 2, '96325874138', '2017-03-22', 'Chennai', '1,2,3,4,5', '{"menu_details":[{"name":"Users","slug":"users","id":"1"},{"name":"User Type","slug":"user-type","id":"2"},{"name":"Departments","slug":"departments","id":"3"},{"name":"Projects","slug":"projects","id":"4"},{"name":"Tasks","slug":"tasks","id":"5"}]}', 109, 28, 474, '{"countries":{"id":"109","name":"India"},"states":{"id":"28","name":"Tamil Nadu","slug":"tamil-nadu"},"cities":{"id":"474","name":"Thanjavur","slug":"thanjavur"}}', '2017-03-09 13:46:06', '0000-00-00 00:00:00', 0, 1, 1),
(5, 5, 7, 'Subash', 'e10adc3949ba59abbe56e057f20f883e', 'subash@gmail.com', 'subashgmailcom', '', 3, '9852036740', '2017-03-28', 'Chennai', '1,2,3,4', '{"menu_details":[{"name":"Users","slug":"users","id":"1"},{"name":"User Type","slug":"user-type","id":"2"},{"name":"Departments","slug":"departments","id":"3"},{"name":"Projects","slug":"projects","id":"4"}]}', 109, 28, 474, '{"countries":{"id":"109","name":"India"},"states":{"id":"28","name":"Tamil Nadu","slug":"tamil-nadu"},"cities":{"id":"474","name":"Thanjavur","slug":"thanjavur"}}', '2017-03-09 13:46:58', '0000-00-00 00:00:00', 0, 1, 1),
(6, 6, 4, 'kathiravan', 'e10adc3949ba59abbe56e057f20f883e', 'kathiravan@gmail.com', 'kathiravan@gmail.com', '', 2, '9658741023', '2017-03-15', 'South Street', '5,6,7', '{"menu_details":[{"name":"Tasks","slug":"tasks","id":"5"},{"name":"Settings","slug":"settings","id":"6"},{"name":"Edit Profile","slug":"edit-profile","id":"7"}]}', 109, 28, 474, '{"countries":{"id":"109","name":"India"},"states":{"id":null,"name":null,"slug":null},"cities":{"id":"109","name":"North Delhi","slug":"north-delhi"}}', '2017-03-09 17:37:54', '0000-00-00 00:00:00', 0, 1, 1),
(7, 4, 1, 'Abdul Rahman', 'e10adc3949ba59abbe56e057f20f883e', 'rahman@gmail.com', 'abdul-rahman', '', 1, '9876543210', '2017-03-15', 'South Street', '1,4,5,6,7', '{"menu_details":[{"name":"Users","slug":"users","id":"1"},{"name":"Projects","slug":"projects","id":"4"},{"name":"Tasks","slug":"tasks","id":"5"},{"name":"Settings","slug":"settings","id":"6"},{"name":"Edit Profile","slug":"edit-profile","id":"7"}]}', 109, 28, 474, '{"countries":{"id":"109","name":"India"},"states":{"id":null,"name":null,"slug":null},"cities":{"id":"109","name":"North Delhi","slug":"north-delhi"}}', '2017-03-09 17:37:54', '0000-00-00 00:00:00', 0, 1, 1),
(8, 6, 3, 'Sha', 'e10adc3949ba59abbe56e057f20f883e', 'sha@gmail.com', 'sha', 'SRAM00008\n', 1, '9786327322', '2017-03-30', 'Chennai, Guindy', '5,6', '{"menu_details":[{"name":"Tasks","slug":"tasks","id":"5"},{"name":"Settings","slug":"settings","id":"6"}]}', 109, 28, 470, '{"countries":{"id":"109","name":"India"},"states":{"id":"28","name":"Tamil Nadu","slug":"tamil-nadu"},"cities":{"id":"470","name":"\\nPudukkottai","slug":"pudukkottai"}}', '2017-03-11 18:36:25', '0000-00-00 00:00:00', 2130706433, 3, 1),
(9, 5, 3, 'Kumar', 'e10adc3949ba59abbe56e057f20f883e', 'kumar@gmail.com', 'kumargmailcom', 'SRAM00009\n', 4, '9841090301', '2017-03-15', 'Chennai', '5,6', '{"menu_details":[{"name":"Tasks","slug":"tasks","id":"5"},{"name":"Settings","slug":"settings","id":"6"}]}', 109, 28, 470, '{"countries":{"id":"109","name":"India"},"states":{"id":null,"name":null,"slug":null},"cities":{"id":"109","name":"North Delhi","slug":"north-delhi"}}', '2017-03-15 14:47:07', '0000-00-00 00:00:00', 0, 1, 1);

-- --------------------------------------------------------

--
-- Table structure for table `user_type`
--

DROP TABLE IF EXISTS `user_type`;
CREATE TABLE `user_type` (
  `id` bigint(20) NOT NULL,
  `type_name` varchar(255) NOT NULL,
  `type_slug` varchar(100) NOT NULL,
  `status` tinyint(4) NOT NULL COMMENT '0-Pending,1-Active,2-Ignored',
  `created_at` datetime NOT NULL,
  `created_ip` bigint(20) NOT NULL
) ENGINE=InnoDB DEFAULT CHARSET=latin1;

--
-- Dumping data for table `user_type`
--

INSERT INTO `user_type` (`id`, `type_name`, `type_slug`, `status`, `created_at`, `created_ip`) VALUES
(1, 'Managing Director', 'managing-director', 1, '2017-03-08 16:04:42', 0),
(2, 'HR Manager', 'hr-manager', 1, '2017-03-08 16:04:55', 0),
(3, 'Asst HR', 'asst-hr', 1, '2017-03-08 16:05:03', 0),
(4, 'Project Manager', 'project-manager', 1, '2017-03-08 16:05:10', 0),
(5, 'Team Leader', 'team-leader', 1, '2017-03-08 16:05:17', 0),
(6, 'Team Member', 'team-member', 1, '2017-03-08 16:05:23', 0);

--
-- Indexes for dumped tables
--

--
-- Indexes for table `account_history`
--
ALTER TABLE `account_history`
  ADD PRIMARY KEY (`id`);

--
-- Indexes for table `assigned_tasks`
--
ALTER TABLE `assigned_tasks`
  ADD PRIMARY KEY (`id`);

--
-- Indexes for table `cities`
--
ALTER TABLE `cities`
  ADD PRIMARY KEY (`id`);

--
-- Indexes for table `countries`
--
ALTER TABLE `countries`
  ADD PRIMARY KEY (`id`);

--
-- Indexes for table `default_leftmenus`
--
ALTER TABLE `default_leftmenus`
  ADD PRIMARY KEY (`id`);

--
-- Indexes for table `departments`
--
ALTER TABLE `departments`
  ADD PRIMARY KEY (`id`);

--
-- Indexes for table `email_setting`
--
ALTER TABLE `email_setting`
  ADD PRIMARY KEY (`id`),
  ADD KEY `name` (`name`);

--
-- Indexes for table `login_history`
--
ALTER TABLE `login_history`
  ADD PRIMARY KEY (`id`);

--
-- Indexes for table `notification`
--
ALTER TABLE `notification`
  ADD PRIMARY KEY (`id`);

--
-- Indexes for table `projects`
--
ALTER TABLE `projects`
  ADD PRIMARY KEY (`id`);

--
-- Indexes for table `project_teams`
--
ALTER TABLE `project_teams`
  ADD PRIMARY KEY (`id`);

--
-- Indexes for table `site_setting`
--
ALTER TABLE `site_setting`
  ADD PRIMARY KEY (`setting_id`);

--
-- Indexes for table `sms_setting`
--
ALTER TABLE `sms_setting`
  ADD PRIMARY KEY (`id`);

--
-- Indexes for table `srm_holidays`
--
ALTER TABLE `srm_holidays`
  ADD PRIMARY KEY (`id`);

--
-- Indexes for table `states`
--
ALTER TABLE `states`
  ADD PRIMARY KEY (`id`);

--
-- Indexes for table `static_reasons`
--
ALTER TABLE `static_reasons`
  ADD PRIMARY KEY (`id`);

--
-- Indexes for table `tasks`
--
ALTER TABLE `tasks`
  ADD PRIMARY KEY (`id`);

--
-- Indexes for table `task_history`
--
ALTER TABLE `task_history`
  ADD PRIMARY KEY (`id`);

--
-- Indexes for table `users`
--
ALTER TABLE `users`
  ADD PRIMARY KEY (`id`);

--
-- Indexes for table `user_type`
--
ALTER TABLE `user_type`
  ADD PRIMARY KEY (`id`);

--
-- AUTO_INCREMENT for dumped tables
--

--
-- AUTO_INCREMENT for table `account_history`
--
ALTER TABLE `account_history`
  MODIFY `id` bigint(20) NOT NULL AUTO_INCREMENT;
--
-- AUTO_INCREMENT for table `assigned_tasks`
--
ALTER TABLE `assigned_tasks`
  MODIFY `id` int(11) NOT NULL AUTO_INCREMENT, AUTO_INCREMENT=3;
--
-- AUTO_INCREMENT for table `cities`
--
ALTER TABLE `cities`
  MODIFY `id` bigint(20) NOT NULL AUTO_INCREMENT, AUTO_INCREMENT=595;
--
-- AUTO_INCREMENT for table `countries`
--
ALTER TABLE `countries`
  MODIFY `id` int(11) NOT NULL AUTO_INCREMENT, AUTO_INCREMENT=254;
--
-- AUTO_INCREMENT for table `default_leftmenus`
--
ALTER TABLE `default_leftmenus`
  MODIFY `id` int(11) NOT NULL AUTO_INCREMENT, AUTO_INCREMENT=8;
--
-- AUTO_INCREMENT for table `departments`
--
ALTER TABLE `departments`
  MODIFY `id` bigint(20) NOT NULL AUTO_INCREMENT, AUTO_INCREMENT=10;
--
-- AUTO_INCREMENT for table `email_setting`
--
ALTER TABLE `email_setting`
  MODIFY `id` int(11) UNSIGNED NOT NULL AUTO_INCREMENT, AUTO_INCREMENT=3;
--
-- AUTO_INCREMENT for table `login_history`
--
ALTER TABLE `login_history`
  MODIFY `id` bigint(20) NOT NULL AUTO_INCREMENT, AUTO_INCREMENT=284;
--
-- AUTO_INCREMENT for table `notification`
--
ALTER TABLE `notification`
  MODIFY `id` bigint(20) NOT NULL AUTO_INCREMENT, AUTO_INCREMENT=9;
--
-- AUTO_INCREMENT for table `projects`
--
ALTER TABLE `projects`
  MODIFY `id` bigint(20) NOT NULL AUTO_INCREMENT, AUTO_INCREMENT=4;
--
-- AUTO_INCREMENT for table `project_teams`
--
ALTER TABLE `project_teams`
  MODIFY `id` bigint(20) NOT NULL AUTO_INCREMENT, AUTO_INCREMENT=6;
--
-- AUTO_INCREMENT for table `site_setting`
--
ALTER TABLE `site_setting`
  MODIFY `setting_id` int(11) NOT NULL AUTO_INCREMENT, AUTO_INCREMENT=10;
--
-- AUTO_INCREMENT for table `sms_setting`
--
ALTER TABLE `sms_setting`
  MODIFY `id` int(11) UNSIGNED NOT NULL AUTO_INCREMENT, AUTO_INCREMENT=4;
--
-- AUTO_INCREMENT for table `srm_holidays`
--
ALTER TABLE `srm_holidays`
  MODIFY `id` bigint(20) NOT NULL AUTO_INCREMENT;
--
-- AUTO_INCREMENT for table `states`
--
ALTER TABLE `states`
  MODIFY `id` bigint(20) NOT NULL AUTO_INCREMENT, AUTO_INCREMENT=36;
--
-- AUTO_INCREMENT for table `static_reasons`
--
ALTER TABLE `static_reasons`
  MODIFY `id` int(11) NOT NULL AUTO_INCREMENT, AUTO_INCREMENT=9;
--
-- AUTO_INCREMENT for table `tasks`
--
ALTER TABLE `tasks`
  MODIFY `id` bigint(20) NOT NULL AUTO_INCREMENT, AUTO_INCREMENT=3;
--
-- AUTO_INCREMENT for table `task_history`
--
ALTER TABLE `task_history`
  MODIFY `id` bigint(20) NOT NULL AUTO_INCREMENT, AUTO_INCREMENT=8;
--
-- AUTO_INCREMENT for table `users`
--
ALTER TABLE `users`
  MODIFY `id` bigint(20) NOT NULL AUTO_INCREMENT, AUTO_INCREMENT=10;
--
-- AUTO_INCREMENT for table `user_type`
--
ALTER TABLE `user_type`
  MODIFY `id` bigint(20) NOT NULL AUTO_INCREMENT, AUTO_INCREMENT=7;
/*!40101 SET CHARACTER_SET_CLIENT=@OLD_CHARACTER_SET_CLIENT */;
/*!40101 SET CHARACTER_SET_RESULTS=@OLD_CHARACTER_SET_RESULTS */;
/*!40101 SET COLLATION_CONNECTION=@OLD_COLLATION_CONNECTION */;
